x1,x2,x3,x4,x5,y_true,y
1.0768303514647644,-0.026158560011742986,-2.36159042321951,-1.9278383628332962,-1.3011730642281518,0,0
-0.7398025755290545,0.6776605425246729,-1.8192860180343995,2.218096570536965,1.2584845866785384,1,1
0.48328018042772347,-0.9206654829889919,1.8585738069812392,-1.7160121861232933,-1.718452033104206,0,0
0.5211913359587684,-0.8513139268468218,2.224184536624942,-2.098150529725987,-1.0012431045439625,1,1
0.9805820068737257,-0.15666263164922825,2.318225692797136,-2.0325112976753306,0.38561127434517745,1,1
0.8355447145331327,0.4368724481693399,-2.6745020000226996,2.1793560610365144,-0.48881990385511864,1,1
-0.473272756481617,1.0113925390093617,-2.2181500905193094,1.651339307017285,-0.010100999893485257,1,1
1.0226911906206768,-0.5391602248808173,1.6722060158507492,-2.620650163533522,1.3486951931008384,1,1
-0.4510151549809446,-0.9076013151538069,-2.121483918594274,-2.078939236956223,-1.4393271282914422,0,0
-0.19506955631873607,0.8433531056482942,-2.031095577614238,2.068326348416185,0.8073548284399157,1,1
-0.7262092653823381,0.6223399343757595,1.494182780323535,-2.0876096874524097,0.6445757987787302,1,1
0.12697991842581322,0.9970405072542061,-2.191407603964694,-2.3941805492983006,-0.726462581442968,0,0
0.5392186443854492,0.943417648089054,1.681538321965597,-2.1891550149070813,0.24199975909830299,1,1
0.5652910325986802,0.8206542932340207,2.723334834943335,-1.7988565453966472,1.8788430776644847,1,1
1.0025442512482876,-0.14271791539797857,2.2996609930135383,2.07369423237159,0.7867974597725194,1,1
-0.9382715394482406,0.48211032272372206,-2.741803851772389,-1.5733093468429074,0.4479693580952079,0,0
0.8980497733701297,0.3809050375278444,-2.6268332093191527,2.5137444256573462,-0.5965873464091808,1,1
-1.0105996657316036,0.040873866808256616,2.355477474211863,-2.3735089617715706,-0.04996399441467561,1,1
-0.22727983334760674,0.9562380837208858,2.484571226152827,1.9807295973580012,-2.1681912221912585,0,0
0.2565545079230424,1.0519105228404972,2.751658538966322,2.350896032949707,0.8077782659622152,0,0
0.28733941300019566,0.9991364914901516,-1.8461266553050817,2.503531809166773,-0.29696668168064533,1,1
-0.9005426806161527,-0.49548126991255126,-2.1297766417909925,2.39720334394138,-1.6175699927846074,0,0
-0.8287425691663021,-0.5112380919033682,-1.8980296661824667,-2.4191966884857177,-0.10249498685925965,0,0
0.7455349461958519,-0.6138887748138313,2.4330454111719155,2.1900339357684078,0.4849878587382468,0,0
0.7527674115798701,0.5988523280907555,-1.9479712944817906,-1.9177175374891011,-0.06051861119646687,0,0
-0.9342376179867659,0.021899810117502794,2.813683952365794,-2.328259258908664,0.08455016180941531,1,1
-0.2655057186728527,0.9904619393730354,-2.1112479739788053,2.5349959424118653,-0.061985138304998647,1,1
-1.0360351147885336,0.07854444552883179,2.0622508122823415,1.9529926287265984,-1.9810519083640712,0,1
0.869545774814316,-0.28486741776934565,-2.4677895463148434,-2.4074714505174115,0.1337076638911897,0,0
0.9639253626483341,-0.47316979718839614,2.3007505895062947,2.334932451951482,-0.22864150202903638,0,0
0.06461538906054497,-0.9383283947018384,-1.8986309581424066,2.3388227649876474,1.5615129034778936,1,1
0.21190289421986458,-1.0161937633285145,-2.2589680908107037,2.5490025364755393,-0.1146554009504616,1,1
-0.1544391447997034,0.9697724700441588,1.934033148545427,-2.56103449258262,0.5996145611845936,1,1
-1.0206899135776681,-0.10522625726854917,2.3785774425730697,-2.130226671044302,0.3801728157114982,1,1
0.31902772991180905,-0.8995036063153917,2.4054129162879105,-2.6344265785028314,0.30596675489743,1,1
0.1234755982643726,-1.0308819120690351,-2.4318340131530363,2.65413046256577,1.2897503296574342,1,1
-0.8949485618594081,-0.4449558523975956,-1.4691419779275092,-2.1548862791221106,-0.37800649753883026,0,0
0.6212572585959948,-0.8302543282141789,2.408708293477297,-2.715455973476998,-0.4444099175680672,1,1
0.6064248376664905,-0.7878374821000094,2.65327228132568,-2.2596417968408162,-0.9162010187853423,1,1
-0.6824881738784884,0.7064887208760415,2.5637781717414656,-1.8862571857289783,0.3560945307266456,1,1
-0.9241530129376961,0.24995802101325762,-2.72883310072101,1.9431257757539613,-1.5453599875484532,0,0
-0.2716079795167735,0.8441615883506839,-1.990756291782118,2.763000360304713,1.3002119499001792,1,1
0.34362539406078485,-0.8820542180556539,1.9972250658009127,2.346239869658237,-0.5586499255223397,0,0
-1.0590417706770556,0.04068193757599067,-2.0387249121886306,2.2310992815473716,0.02854121972687493,1,1
-0.9961904618556661,-0.3992801381099686,-2.4840828081816806,1.8655597240130088,0.47980484508968274,1,1
-0.9420834654052289,0.10035425142654354,2.6546617004017725,2.337604687516704,-0.6072755113670797,0,0
-0.005205218880577744,0.9407949000252379,2.1409056027571136,-2.161889006957361,1.0306215422000211,1,1
0.9439292362209152,-0.08304842864423198,-2.2926767355366136,-1.6385290027447632,0.335524493470422,0,0
-0.9560928144151198,-0.33698415348339195,-1.946405684839062,1.686350134385434,0.1338500269665138,1,1
0.861769001725131,-0.18465563124459164,-1.5355060585761529,1.848230874989344,-0.0017910669643057984,1,1
0.1528343254897339,1.0750563482158226,-2.1332371631932254,2.1624227682279615,0.19102065393191825,1,1
0.7745416641385012,-0.5701963452696648,1.8886339047609413,-2.0239080822345654,-1.6993329273319122,0,0
-0.4283730920373252,0.8917134754546534,2.2451976327466134,-2.4301322977498296,1.7792353775514749,1,1
-0.47759307573675996,0.8584781882138723,-2.189612887147554,2.3438348598458134,0.4811181133517242,1,1
-0.2604732166947054,-1.1077813714936173,2.3204730251637167,-2.0485925630857524,-0.06847025754241948,1,1
0.03141834534012015,-1.074436522994844,2.146394850926805,2.414313341627644,0.35801348538893024,0,0
0.991218577882711,-0.21883367164908404,-2.2024268812901324,2.7495682883635792,0.25613713334270416,1,1
1.0044697825469007,-0.3066083185528097,2.4724107276134855,-1.9642909322485465,0.5487032557816173,1,1
0.9982908375750232,-0.466657714732601,2.719999476391358,2.583854646344154,-1.0615240982870908,0,0
-0.609053917638734,-0.7245967023790426,-2.2926620445752706,2.09124788072035,0.7832423026648483,1,1
-0.8362796469460066,0.5916915310168376,2.410892606755936,-2.5828966019564303,-0.7286960903070677,1,1
0.6548253422881123,0.7990512853855719,2.204086803564175,2.0118565873783947,-0.6388196130790383,0,0
-0.772958480842008,0.6775571780096746,-1.3560131268351046,2.5007787201958194,-1.2249470693462625,1,1
-0.4090591601499175,0.9132272417114967,-2.208024290942117,-2.365067390676394,1.4507748551643975,1,1
-0.7558355558844916,-0.6380925796931121,1.3372820424575582,2.333675627671302,-0.037949333946602805,0,0
-0.8431881167836619,-0.30483204702896727,2.1757580045273834,1.8613556142271277,0.4335698756009959,0,0
0.7364774869583085,0.6316141379462078,-2.286179389680522,1.785037950849244,-2.2123346522582303,0,0
-1.008260420571635,0.11820726910628811,1.564459867116014,-2.351331198120404,-0.3730086994273238,1,1
0.5019455159264048,-0.8184900521933455,1.9783894478206518,2.1741093150854844,0.45655706548663155,0,0
-0.5791120260103086,-0.8670775186682402,2.4385786974835915,-1.825705363660294,-0.08177345592170703,1,1
0.9865656356394306,0.36722764224072724,-1.6337881226944382,-2.2767566194085633,-0.0844496846236048,0,0
0.8691230658592298,0.49324733775737994,1.7422782060114224,2.2095368437262057,-0.03732094554723834,0,0
0.4833583100528835,0.8353028991456976,-2.387998688346525,1.8286700574529162,-0.6194080694934142,1,1
0.42574434812287815,-0.8676307364052895,-1.975703061031223,2.4073473320246563,0.19125258737407885,1,1
1.070591344001308,-0.06570764825185223,-2.0480448441739982,-1.8282673093939028,1.2930602232859916,1,1
-0.7838844986272805,0.48237531418413915,1.8331519654157487,2.3271751121787285,0.22889477017784618,0,0
1.0273859602140445,-0.06820184321077917,-2.499187001210619,1.6205037990217046,-0.5250831972802857,1,1
0.6006862163214023,-0.7776592164743065,-2.3332562777638106,-2.0239756895712344,-0.6395021723289049,0,0
0.520775839669774,0.8105846469413222,2.3306845075204277,-2.6463111888761337,0.5557302811998878,1,1
-0.01746906161035066,-1.0502952782853276,2.8668971533105565,-2.4432611253633696,-0.7217504305191006,1,1
-0.8367957419449068,-0.6430309643428542,-2.3560674213402955,-2.382562549049725,1.6001547534593552,1,1
-0.8463222343555176,-0.29266415259928574,2.2033753719540554,-1.6982865380639827,-1.028056799915717,0,0
-0.4496433285242171,-0.7628604006356565,-2.4684826053493576,2.381322395992142,-0.07119160290184007,1,1
1.0508945782248948,-0.13316201373739753,-1.9385608263808696,1.8358795543579556,-0.053986140374309766,1,1
0.37834466750596984,0.9633937666608714,2.383351660038307,2.2384495658747725,-1.1511780970523637,0,0
0.9239907292544193,-0.3435512686839279,2.078191792500058,-1.7617298700176585,0.9270779528582984,1,1
-0.4444473431887645,0.7258407335775997,2.168192855103793,-2.5786809789924496,-0.4048935568532557,0,0
0.1506197239642748,-1.034596612389403,2.5581929461827033,-2.5874337829214378,1.1243056147924995,1,1
-0.17754277125349593,1.014002021220597,1.947557612763922,2.535884069879394,-0.9148603628493811,0,0
0.0036401806077938446,0.9713325137948967,2.613045276954763,2.271393079565152,-1.1021509451194957,0,0
1.0436515881782487,0.40793929046016314,2.1388705786199194,-2.783262341871886,-1.5881581642999116,0,0
-0.4408437148686871,-0.9138827085345339,2.1267706198842804,-2.128546106210586,1.0679223958825612,1,1
-0.60400103429673,0.6771183871693042,-2.4296834457276058,-2.225286151238859,0.21006092190815667,0,0
-0.9955977255663413,0.456403392575975,1.939161809892484,2.5082604626373928,0.6137017753445232,0,0
0.8828268750601662,-0.054547329147248885,-2.2066957545177543,-2.2470859456742573,-0.1280073763554992,0,0
-0.4144283811015234,0.893207206038027,-2.114842269745015,2.6595876893291384,1.8792597232605281,1,1
0.4295378125257949,-0.8859658672265961,-1.7008510339010146,2.5334343634872543,-0.8337472407738237,1,1
-0.9249854233334877,-0.3157675984616659,2.1718424211454774,2.243632983485212,-0.130875474594506,0,0
0.800162662662037,0.7866284278224345,-2.3048697386044954,2.306017271051541,1.4249012530532126,1,1
0.0030387731448702354,0.984702065234548,-1.828645464806458,-1.7228195928422734,0.5485899274030711,0,0
0.8846222788390916,0.661681956088154,2.2356599028163866,-2.4514087434787135,0.15675851029646612,1,1
0.08549096772582442,1.0222787618078448,2.396621165400418,2.1655982543983616,0.40997882842113337,0,0
0.6221134394121136,-0.5929597480472072,2.2245059289950877,-1.8713711581023347,0.9767112746056247,1,0
0.3427320636668111,-0.868684273431171,-2.285523893024069,2.325088198558249,0.985895459694928,1,1
-0.9276099449552265,-0.47965618527421783,-1.7921508485066822,2.263522198474484,-0.7950381903016841,1,1
-0.10167260066513725,0.9318347590613747,-2.1160154956259736,2.1752420486128003,0.5952300926869727,1,1
-0.49615890435854143,-0.7165794132079544,2.1213270525002503,-2.592897033512608,1.1306404950964506,1,1
-0.6326254818736979,-0.8862778490046719,-2.6599484785968333,-1.899106115629663,0.056091386129431806,0,0
-0.800278932068793,-0.6127969802241154,-1.7343689409211798,2.045671413629335,0.3382791288578076,1,1
0.8849336311475818,0.05686199547512163,2.3726727845203692,2.6108260811684603,-0.4823922836648406,0,0
-0.2665419950446678,0.8782267840901059,2.2521528142938387,-2.488866437186004,1.5792205270530197,1,1
-1.0292858609070792,0.3571796801154742,-2.415349851804316,-2.0417810563571903,1.1757622432794586,0,0
-0.10558483425745185,-0.9383067286902632,-2.2647267452385247,2.103796081432143,-0.289680226972335,1,1
-0.9175393389081536,-0.3826274250498612,-1.343510473364279,-1.6439123591538904,-2.4729064264673846,0,0
-0.6146874022156189,0.721056550464561,-2.0045515798121327,2.303260170741644,-0.15596318010156082,1,1
0.332698748547278,-0.9332835786992193,2.558214093976721,-2.1984485763954345,-2.1190810952213197,0,0
-0.95127417035523,0.23311897208749502,2.3848708493630064,-2.304186355271801,0.20088338290288232,1,1
-0.9730891880359804,-0.08426156007169269,2.1849547444490796,2.2885933458618424,-0.20779593228085247,0,0
-0.46096766609713663,-0.8744866303117802,-3.00437836705221,2.15485437125488,1.0390248092328016,1,0
-0.07308396092761775,1.1100507765827778,-2.0938910219215856,-2.6149527927595577,-1.0569532484524373,0,0
-0.9807355850157539,-0.3477538502055079,2.1898394693871785,2.1596687852629515,-0.41277059625115214,0,0
0.9331812451345843,0.39535236972379556,-2.2610188841773415,2.66522527661997,0.34662281181391963,1,1
0.03605532984552723,1.0115135354235063,-1.4816371867381581,1.7491404743919374,-0.13095760895093173,1,0
-0.5780971605150954,-1.1085876080875496,1.8735878502256502,2.1503595282263817,-1.1720866848127847,0,0
1.0063576642424223,-0.24743361994520066,-2.150646299095866,-2.4440277662913474,-0.42225523370173795,0,0
-0.7098897468072797,0.7628887467145655,2.49059805679843,2.0404044117425406,-0.8106463980179613,0,0
-0.9668497929107511,-0.30957919837638215,2.519637282561093,-2.4160428668160208,0.39364388720301413,1,1
-1.0350371627348787,-0.19542349166708622,2.004370993824885,-1.7077778973463404,-1.5644620394043942,0,0
-0.6543140980994442,0.8678496632115351,2.2688679625082835,-2.0903028618109336,-1.0991805581166534,1,1
-0.761409215110165,-0.6663423329256153,1.9215365595351714,-2.2164961088697623,-0.9110579892533739,1,1
-0.799568519612153,-0.5110268539730111,2.7249098747540472,2.387730831630199,-0.05022006486332722,0,0
0.32704229269085006,0.8544853507001993,-1.917885376259638,-2.6109830000203083,0.9981826169596925,0,0
0.8395842857432086,0.5970750842375497,-2.580144017634772,-3.061742896847421,0.5692512534900465,0,0
-0.8095038229510259,0.6594242680428509,2.9005689952717537,1.8259941285906378,-0.415564858960963,0,0
-0.35317803790642155,0.800912497946078,2.4448728218954408,2.1552346396246915,-1.6532793191249242,0,0
-1.0176929795263174,-0.0377491493877273,1.4074226934439795,-2.196201647789944,-1.9745929083627904,0,0
0.23289953384540263,0.966416122544818,-2.0030178395201794,-2.0616640181759,-0.6909966831763433,0,0
1.0334113695357234,-0.0072259053278042225,-2.3875849582710686,-2.753009311302509,-1.2853957226551849,0,0
-0.42637869891506563,0.820060860778586,2.5092569339720545,-2.1723533759748177,-0.43535257505055763,1,1
-0.8065836746758264,-0.7465246929159746,1.5922097813662708,3.0104895118918957,-1.8640283403217903,0,0
-0.8525756156017642,0.5734065805091626,-1.990243080502719,-2.087293872826819,0.5534962380145814,0,0
0.934529533360783,0.4012438840794884,-2.60770071201696,2.2653768930702682,0.6617699069026268,1,1
0.6399713623232277,-0.7862032958240401,-1.9868405497874462,2.5675772015973712,0.9268943393957709,1,1
-0.7565302077163977,0.6462098130995052,2.404093484909809,-2.711985229834423,-0.4547547468583891,1,1
-0.5745460459040959,0.77092074009318,-1.747409910248237,2.654478275440457,1.050375458637221,1,1
1.0962330720473796,0.16925804783074047,2.2587281473697987,-1.8883216365702649,0.9451234138424464,1,1
-1.01268300559277,-0.35895548951407036,-1.7768556983764379,-2.071058379268831,1.6431794492101495,1,1
1.1111659447720443,-0.2988352137973623,-1.4860468832690614,-1.4943693706944428,-1.0137542542651734,0,0
1.020035234182051,-0.40588171319346095,-2.0839914489913256,2.092435953596753,-0.6556275033528028,1,1
0.29833213257278557,0.9535284111396432,-1.93710076043925,1.9099792965819153,-1.3383622577844319,1,1
-0.4620921735473809,-0.9133122218393099,-2.243652885785023,-2.383708458498147,0.32348964920314227,0,0
0.3935998811690029,-0.9720069372310267,2.3002836302001746,1.9170562099184751,-0.49329036370680346,0,0
-1.051881358902568,-0.2719629259324816,2.394863073120259,-2.1141614193824863,0.17052350341834216,1,1
-0.3771188087591464,-0.8842706350027071,1.7907327647936846,2.7440452673273663,1.1631969118382677,1,1
0.7429254900274307,0.5452123130257298,2.080728821609037,2.644523913572821,0.05138638226429771,0,0
-0.3235165128769166,0.9056841024083616,-2.0170929417747527,2.280566509592067,0.26993067700817996,1,1
-0.3531000783391043,-0.8993365149085497,2.1523193369358533,-2.439061125208014,0.48111076072624537,1,1
-0.960309206467937,0.17791443983301178,2.423731740738678,1.8943538380610805,-0.5712660143580519,0,0
-0.27352782164341016,-0.9666592826875562,2.4968896647784593,2.8061241361242804,1.2497665786650198,1,1
-0.8677050124624279,0.30814205125576244,-2.5934339343803616,2.1912647881192897,-1.0107578903895469,1,1
-0.3758020866005959,0.8821785031286419,-2.214370035198233,-1.943934933961088,-0.17731170703424354,0,0
-0.6222085148693267,-0.8719973088565824,-1.9688041531448932,1.8267661026651234,0.09851001570404963,1,1
0.4006547067364258,0.959077992670929,-1.6478112688149458,-1.7875415623745592,-0.7139277383091022,0,0
0.9113908773400742,0.33530570140980703,2.2102115044094806,-2.2216234009518088,0.4237035993180755,1,1
-0.45927360295750536,0.8845085086110974,2.188139739139785,-1.6251015548367964,-0.1489156411155734,1,1
1.0374467545806736,-0.2350380644823551,2.532407251992337,2.0941980505736386,-1.4771200611084907,0,0
-0.8685741604037958,-0.36911823169943536,-2.7952857155928434,2.1241817543468504,-0.9505506929144691,1,1
0.8665068994824814,-0.3956891747597911,-2.298535541591316,2.3597565301284207,-0.18857996600790172,1,1
-0.18065472498266713,1.0304559104740783,-2.617144586063422,1.897609456249949,-0.5521190639580871,1,1
-0.9407899457426122,0.27683096671093455,-1.9415072435867105,-2.330184772555663,0.026866882968771412,0,0
0.17834723031002764,0.9610409312051424,-1.9309861676942532,-2.0378459999014025,-1.0011724942220392,0,0
0.09294508212762104,-0.9097149743847165,2.3790293458066056,-2.4616317286878027,-0.17497402763387476,1,1
-0.16199067371779985,1.019915957065514,2.626780573556248,-2.214840803863627,0.305013524398268,1,1
0.9365931390849044,0.2185418403244973,2.142557616265864,-1.8308079341096362,-0.7656824951209104,1,1
-0.29941614627255814,-1.0039432980326346,1.6425931913636482,1.9607817726010763,-0.025051180971540066,0,0
-0.6442398488799567,0.5823090077646226,-2.0258389362882427,-2.507861714049104,-0.23685708258713345,0,0
0.19560912461528335,0.9135140711108856,2.2357463472136216,-2.135475451362308,1.0641317236719823,1,1
-0.8912018748194497,0.5506357620390723,2.468708168024186,-2.076880856374905,0.6788061445105792,1,1
-0.9063474673380005,0.3171696679184056,2.693096224509702,-1.723321473703982,0.807473321822031,1,1
0.3711980651516774,0.8727070862244836,2.054159283252769,-1.9092326288550043,1.1698790090133668,1,1
0.268083601334744,-1.0100573478540955,-2.213723065341182,2.4961387262438763,-0.433361113612133,1,1
-0.8339641314980786,-0.48896626997882536,2.2746651813126157,1.7818011582780484,-1.0681830425613017,0,0
-0.9626146345593904,-0.22715635835143388,2.6818908298777098,-2.1413961047204157,1.1912570267819564,1,1
-0.8512499628509802,-0.22680446710004254,2.159415244533049,-1.9140179223864304,0.5543532993518135,1,1
0.07609925054497849,-1.0432280221028722,-2.0787922686220277,-2.4222867222065894,0.7605258191044758,0,0
0.6506067753886504,0.6959166046054361,1.9610513534409864,3.1104099731175316,1.2269143771661435,1,1
-0.31570726068498434,-0.8486313647699275,-2.6243256702375612,1.5037363520537692,-0.13144320016824007,1,1
0.8767351655419399,-0.022303969626725137,-1.7026292507427763,2.5427457303979453,0.5730075073356284,1,1
-0.6946711943016444,-0.6346072953334255,2.374962574721416,-2.7289670269045687,1.1544596152765212,1,1
1.0512258581083578,-0.2832072528662859,-2.922054794219457,2.2410024690192882,-0.4430166886410273,1,1
-0.11684890944515466,0.9371546307091332,2.6153002247602934,-1.665285633793339,0.005864025395754521,1,1
0.6319045245353905,0.5643528753513417,-2.346399531701961,-2.049423974374265,-1.942362047284731,0,0
0.7218639401617465,0.46754549823232383,2.026752541348063,1.8733000111536886,0.3687863242141243,0,0
-0.7550083798441397,-0.6062769531278923,2.068037381099292,2.359470667815117,-1.2198272538003747,0,0
-0.5154465150228091,0.8487068889681473,-2.501597368541246,2.4822319877502017,-0.05424649048160477,1,1
-0.07266541347875427,0.9783480844463885,2.255968796339356,2.4219985680569036,-0.537062035525187,0,0
0.5278181029202484,-0.7758326617998442,-3.1034458539987657,-2.8381356186631717,0.06843320156101551,0,0
0.7679953808069301,0.6437881268384898,2.5033058685886287,-2.5582075655355005,0.5265753264708553,1,1
0.6237272817235403,0.677484082452674,-2.1150347406162995,-2.703412562611383,0.31430343692573565,0,0
0.9934405874833446,0.11433956436147207,2.2900316126100964,2.582675157232239,0.48915540371173677,0,0
-0.8920699975750024,0.4542447841541698,1.9932802037240802,1.192812112875437,2.497316614077221,1,1
-0.39425384138786607,0.8720749379895206,-2.1893209455334675,2.803440411590592,-0.6217399957182417,1,1
-0.33014920189237146,-1.0018339881396068,-2.4143757180361782,2.258062759082248,0.9430473632203036,1,1
0.9240176753692927,0.19043591066494778,-1.9450670038386102,-2.930383598844968,-0.261003164679214,0,0
0.42113282396322843,-0.8318952076625008,-1.9298322312207463,2.3421193119023584,-0.05010885467837505,1,1
1.0611141768891592,-0.021357188990071833,2.3395960423560047,2.1080330188143934,0.789880532315688,0,0
-0.8491925044011237,-0.6428429003132478,2.0060300461103324,2.1923774988628755,-0.2464557450504715,0,0
-1.0157437150766075,-0.5007827367714358,-2.1129779493257086,-2.056764060808457,0.3879845174858665,0,0
0.811157660363947,-0.5328758555046225,2.092346124679894,-2.735416039061886,-1.061075830898279,1,1
0.932582114395372,0.4246252834825056,-1.9416932189216154,-2.305253817534513,0.9310215822316802,0,0
-0.22825846602883626,-0.9206557707967238,2.150989766348745,-1.1469167481186813,-1.1981587382387022,1,1
0.9497444180651311,-0.5148945500930528,-2.321618546174171,1.7981711160407998,-0.11280562335710023,1,1
0.695383333504019,0.7076221845980947,-1.7719077521014588,-2.4233852445413264,-0.11073636664259699,0,0
0.19134986459997,-0.8695076389071815,-2.355829928990868,-2.1737206515317156,-0.375817404124881,0,0
-0.6192348549121127,0.8515223756413451,-2.1840472600664094,2.2267007674530017,2.119198018366956,1,1
0.5137606858588863,0.8446665199229069,2.640938931521803,2.0885384414860058,-0.3084980449136823,0,0
0.8665382141600195,0.40959662727013524,1.4460215160029153,-1.6111630520401474,-0.9518024596005749,1,1
0.9668593320111372,-0.13614235360189303,1.8572560284496848,-2.4479570574027445,0.25463454290745796,1,1
0.4401380502552971,-0.8105821922422188,2.2313761602746918,2.2177386082415036,0.5056229032271632,0,0
-0.04588886555254027,-0.937478031985439,-1.9646067923871373,-2.287998024915984,-0.42396002673246225,0,0
-0.7974545044417327,-0.6190211385512944,2.0501323054415583,2.4873874203965807,0.09826103221070265,0,0
-0.231329765644333,1.0365707216440772,-1.941871337644613,-1.5318520679118393,-0.7280558694644363,0,0
-1.0284436681711526,0.20090767176753094,2.495276388251508,-1.8408784258731654,2.614604590207843,1,1
0.6404177432221123,0.8231388278559577,2.3716888928733626,-2.4114422119263574,0.24353917722624044,1,1
1.0154855901240092,0.29207392960067446,-2.6993471090117214,2.557289689112621,-0.909021109404254,1,1
-0.14836621280848242,-0.9931832523203463,-2.4432860341615994,-1.9903696616503717,-0.3888347728210724,0,0
-0.9825161843507371,0.14907318132259734,1.9092632459454992,-1.7364374723054894,0.07005072479955257,1,1
0.9221045508551081,-0.5334540004120057,-2.7316280333718153,2.2987318619978185,0.3436483883458435,1,1
0.32406854494296733,0.8833317585997715,-2.921779115017975,2.4785158126572777,-0.3444706891512264,1,1
-1.0225175632985146,-0.16523243465175227,3.2247537797172727,-2.565185260249869,-1.7743732596645008,0,0
-0.4566409028896517,-0.9369147880962572,-2.1049134386144246,-1.4610156678787987,-0.34137331031690676,0,0
-0.6891178921429727,0.7284615852245504,-2.299165684580178,-2.309718192540507,0.27819437859378465,0,0
-0.9932312765954594,0.6284086859201087,-1.9732599888655937,-2.8123379604808734,1.5179716585198386,0,0
1.0086339886641429,-0.033000716248604435,-2.3590874774403194,-2.9687338350971153,-0.39624058817541447,0,0
0.5142721875763535,1.0539886149128808,2.470147251291259,1.8192524134175858,1.1918003879597419,0,0
-0.11571841907570118,1.057867315720373,2.122876206585882,2.091259876841167,-1.1142506431834913,0,0
-0.6311064797581474,-0.8497440701046708,-1.9924341175487184,-2.0273072683645847,0.217206104279539,0,0
-0.003850912890134759,-0.9410139344042338,-2.1353770032036943,1.724374471682145,0.7997695560271156,1,1
-0.4977246866723545,-0.8178648072624888,1.7977442055982287,2.426229837084259,0.22410507513449174,0,0
-1.041275444248454,0.19442264159310174,-2.0763284543792304,-2.8902414373161345,0.372499422275168,0,0
0.6143628807219275,0.7357402944056762,2.389725460325145,2.269006564061275,0.25854080610129004,0,0
0.8644678980372236,0.05339535987114102,2.326191123211478,1.8177598966607047,0.8324468686960466,0,0
1.0032871814586952,0.37783767322648965,2.7769675129759515,2.578467717133011,-0.07273891765330587,0,0
0.9096233215296615,-0.2510034019696308,2.7301225274329814,-2.1873981513341865,0.7653275379907775,1,1
0.9317784675077335,0.2542062704400499,2.4387365927830498,-2.1582478515579844,-1.221144440583663,1,1
0.18726344507774095,0.9800268163145764,-2.1837338327230635,-2.3994589313001007,0.6923794950827643,1,1
-0.652463816447496,0.7345363335591955,2.297297786758208,2.2263559208966424,-2.410740665162395,0,0
-0.28569937840374365,0.9527262760997715,-2.2542883871447756,-2.352786649646043,-1.22732505268444,0,0
1.023215855213602,0.4355303174753933,-2.6505990290585375,-2.4434813954403207,-0.1753121322382271,0,0
0.6982791141036475,-0.5846229115723678,2.294742106228497,-2.2888140704761546,0.510042394560429,1,1
-0.9804598237829267,0.05806779578028934,-2.2779079313988064,2.434477742643169,-1.751219978238622,0,0
0.8703969002841845,-0.3788897576652965,-1.856806656557322,2.4231748205734682,2.1001326134400746,1,1
-1.0080863882805096,0.25068696982529143,2.1071460901023613,1.575505545468315,-0.3849722676322486,0,0
-0.9547814198150779,0.18104938270401816,2.640005630667014,1.6203143263659985,0.20735519979006406,0,0
0.15554359838538237,-0.9765996984740064,-2.7678227410979375,2.4104833610382936,-2.3790075522451737,0,0
0.7059911311969773,0.5523743272347197,1.9800100504800549,-1.136126606762616,0.3753294926220208,1,1
-0.3472294588066106,-0.9432769276208776,-1.876808817428875,-2.131814290434656,-0.20078564303177332,0,0
-0.9137204497833168,0.42849680172900007,-2.1451000664459245,2.5348459559738683,-0.20175243861755826,1,1
0.21034119214716204,1.0441523425231234,-1.9160200790522934,-2.0981550080941904,-1.8037356654005896,0,0
-0.7211801337599176,-0.6760394307978493,-1.7691347167165796,2.2890395636584184,-1.170134533264933,1,1
-0.9573123984502513,0.12054889327331061,-1.8397687815775772,3.0068737177069234,-2.5758197011971946,0,0
-0.5525054875715805,0.7555754782900455,2.3962573728179275,-2.7391545612329096,-0.26745882712297325,1,1
0.8173857864707587,-0.6016873245903678,2.2611773809399702,-2.753122038067553,-0.9606347123899475,1,1
-0.573469090476535,-0.8082564893117188,-2.3935798986862933,-2.0529714623516018,0.8625268908161895,1,1
-1.1227467876004085,-0.10149483525483735,2.000696188022452,-2.161319930585649,-0.963090162032472,0,0
0.8664948151825329,-0.26558531007122166,2.1666473610273336,-2.249644061086345,1.2385278570633094,1,1
-0.5032398415799263,-0.8546487164712924,2.5388379505705423,-2.493400486136293,-1.0613510953249599,1,1
0.9815540183378845,0.10258763370916231,-1.7216543278539302,2.1801227981610793,0.3904544215300147,1,1
0.35449354348211076,-0.9864929868600143,2.4841898207978286,-1.9578755115001711,0.626628049040597,1,1
-0.07139128929956896,-1.0548695943770396,2.597318306607276,-1.498011568766011,-0.6079702531434608,1,1
-0.6620490310300066,-0.7711173503472784,2.4576496884186625,-2.6626007540913164,-0.794988966370603,1,1
-0.9078054545244388,-0.2916921972252397,-2.128016027280342,-2.167528903335713,1.560995837801171,1,1
-0.9364639569004775,0.08515868099652982,-1.470283765751554,-2.2416142396958807,-0.4485203347408087,0,0
-1.0595580639137239,-0.09312430304085903,1.8875478239559524,2.0889752437410203,-2.845636783459012,0,0
0.9538257309565353,-0.44563942462508654,2.670346088525299,1.9898701014167481,-1.804183976551026,0,0
-0.3364462069043621,0.8699795827423866,-2.1296864157186906,-2.0654489450026685,0.08099296040950016,0,0
-0.8841554599835865,-0.4731960171895372,-2.158592135757144,1.4374658659533242,-1.220714817231057,1,1
0.9388947161639634,0.2517772119123952,-2.340688538077089,2.629373273001804,-0.4878583476641404,1,1
-0.9610578292870372,-0.37807865537546903,2.111377379140603,-2.287210305192698,0.6394362105303187,1,1
0.6501286888348731,0.776289325847834,-1.8990166259871921,-2.3552896661416685,-0.4166155537347624,0,0
0.7074708823104598,0.677337222517175,2.5171127989474287,-2.460581141707766,-0.2386175536261621,1,1
0.279993215318905,0.9526173750475951,-2.84690192103139,-2.142531130499928,-0.5895592807068099,0,0
-0.9396515588292524,0.2796690150977839,-2.264066808171459,-1.8109253511400472,0.009986023509810472,0,0
0.5082806989527775,-0.8899486460508759,1.9720428404205577,2.1561691005917525,0.381220239564003,0,0
0.8049737428673323,0.45095208510720564,1.7220191452830675,-1.926946266675566,1.1079161984432424,1,1
0.9305010410766049,0.27100479196856697,-1.9190230669926294,2.1658040945749253,0.8007331038202934,1,1
0.9386367585842299,0.036994180362681185,2.0276178269513787,1.8330923493451448,-0.47350915249127096,0,0
0.5802755595714819,0.7845197200913171,-2.2165135147550674,-2.0369551150580825,0.7657007058017903,0,0
-1.1214362347650153,0.14293962191630966,2.190510845891208,2.582518227132899,1.6903367376216736,0,0
0.3506107248161458,-0.9677022346931964,-1.9172043387279258,-2.47801340687863,1.8082586705385908,1,1
1.043297504474494,-0.0328977546175375,-1.618226410900928,-2.169767983285025,0.0027035663944570496,0,0
-0.8365091742456008,-0.4163374513953753,2.0160493778135855,-1.8422233317734487,2.011868530862887,1,1
-0.3502159324871365,-0.8915336172878863,2.512195818591111,-2.0780918928502827,0.26228365289265154,1,1
-0.09955290224207457,0.9315314826484614,-1.6268225340627334,-2.2749714854044787,-1.7955722518369455,0,0
-0.8304396724447818,0.5915355717931551,-2.294499792957495,1.9005470280365973,0.38670531283064286,1,1
-0.045685484134327374,0.9575778053961641,-2.1793116929332386,-2.192702524620254,0.1386992729540831,0,0
-0.92106973846772,-0.3449843919761698,2.491176135270183,-3.1059978727580324,0.21255789060882116,1,1
-0.049952774497716526,-0.8795816238826183,2.1947422359935183,-2.6259247489309034,1.7889225033801126,1,1
0.7447984838664036,0.659721179544714,1.8341356266043407,2.9676131532879486,0.04815024329971238,0,0
-1.0010467703507857,-0.2664266833783688,2.429158783941578,1.6767442381970046,-0.2470812782439234,0,0
0.36225333290618283,0.9239941261621102,2.307717799400434,2.690013680111278,-1.9067069481278762,0,0
-0.27788875769117166,-1.0714680496004512,-2.546035814844755,2.8182880654355738,1.393815876114909,1,1
-0.7390274249595009,0.5915611584642431,2.198459253628767,-2.307896000197442,-1.5929798869568883,0,0
-0.6309120444547949,0.7636667529102713,-2.421252919472792,-2.0657418467912274,-0.15057930634436248,0,0
-0.9989976592425132,0.33024758722232833,1.7333578019166365,-2.6738064582681593,0.024061871809307606,1,1
-0.8513700886595145,0.47872648215270286,-2.609692101557758,2.210692715347177,-2.075131168074485,0,0
-0.7780350161574192,0.5425124450923219,1.7748016844629189,1.8798049161040202,0.37287142996455763,0,0
0.4780234127104682,-0.9584536637298531,2.174761137929026,-2.4765324206422425,-0.5588610012660488,1,0
-0.8990236555836572,0.4426937443810945,2.535064923841543,1.8081297615927456,0.8366027719796645,0,0
-0.4381586677439343,-0.9494740661335542,2.392920726083279,2.675090407355802,-0.5621838896562923,0,0
0.47375924353398663,0.9804014831104381,2.582729069892888,-2.025201970915451,-0.16424782815310007,1,1
0.6166127322872298,-0.7390451272325148,-2.6506065745205545,-2.29707434037594,1.6227549803507966,1,1
0.3971398576010327,-0.884953934172094,1.8998441619149424,2.4644773056569402,2.021569168621377,1,1
0.8640569264977175,0.5224542207583375,-2.425030611729741,2.0418622202470678,0.94366615493173,1,1
0.8021482936965935,-0.4555213307292558,-1.773430661997011,-2.480960500850799,-1.2703311845866918,0,0
-0.18196892224369568,0.9932230859878014,2.4200946737336175,1.675990692689524,-0.1605944023068879,0,0
0.570839482301566,0.8060811790581063,1.673446208293902,-2.313327872900431,-1.4584493207991251,0,0
0.0054562532869539375,0.9582361731797694,1.7715751510388116,2.3977223789533477,1.038843552242559,1,1
0.45141736379787,-0.7839656348210899,1.5997716864674856,1.59202183831145,-0.05818532897338041,0,0
-0.20445552515850518,-0.9653866161328619,-1.7649662462050106,2.6353217226285532,0.8870579065673944,1,1
0.3000347769962606,-0.9103670139141288,2.5171055395391337,-1.5860431212131856,0.048882510394919684,1,1
-0.5457394631939578,-0.8912539682904801,2.027912171155978,-2.125703258744133,0.37570977413444456,1,1
-0.6338294627512108,-0.8026860266161663,1.9866861444341795,-1.9340970152448407,0.35128808719452403,1,1
-0.33427238661950875,-0.8694019985328969,2.036214346860183,2.35086368268703,2.0271623079926497,1,1
0.01505856668468705,-0.9734036388411136,-2.147687301631555,2.38478340845846,0.7486404412408435,1,1
0.9321179730942306,0.04610064391708549,2.541683565507728,2.575995540196269,0.13286050022412452,0,0
1.0082139822528917,-0.3836030547460604,2.05727408362685,-2.0870411661077988,2.1698316784663882,1,1
0.3933582705168479,0.8973791260105121,-1.9896985796195745,2.2030695381968184,1.0021051628267093,1,1
0.7404660214147808,-0.6388427759253431,-2.1242646902341824,-2.618293895994026,-2.3568005774339635,0,0
-0.27019224298204825,0.9871416726560749,-1.7614753932624558,2.182405603048483,-0.24643794158925153,1,1
-0.9919795653636765,-0.009150138545786168,-2.4538321448304066,-1.4413896331264544,1.2967417370689007,1,1
-0.23417936859450422,1.081578196049425,-2.0221592296618063,-2.3622540685480824,2.041424860330253,1,1
0.8035209704731149,0.6624021168668699,2.332240562441901,-2.170152698425379,-0.3740351117561615,1,1
1.084197221661458,-0.07130833732343117,-2.6016003153108374,2.506877291933943,2.0840303280761705,1,1
0.31174063021710513,0.9375159483382783,1.6620636021960888,-2.1146554500974153,-2.2031831366768784,0,0
0.4356684803069538,0.9037324445422028,-2.136290313512942,2.9568326284697384,-0.6382195333140909,1,1
-0.9161298731383531,-0.6075816118776004,2.041950363086812,-2.182251339189771,0.8267790288124008,1,1
-0.012373676782839833,1.0038070962676766,-2.0297343389825,-1.611380418868018,-0.11457060195269698,0,0
-0.10297442443960028,1.1315552647335154,2.340743547843376,-1.8046425178042291,-1.2474467380120902,0,0
0.08632778550606433,0.9484339181279695,-1.7467652659586876,1.9350414698609724,-0.21108595580150266,1,1
-0.9737201680551415,0.4290616656427417,2.190245601154882,1.8533956508110057,-0.9627903289035386,0,0
0.654142945670408,0.7702229679998311,-2.4009735590945214,-1.8942137644839212,-1.3732532193467022,0,0
-0.7126519864202269,0.7722228745223964,2.7270760531035623,2.134912264822842,0.7581380409811781,0,0
0.773389838400094,-0.560642682412033,-1.6627332589896135,-2.7254279907975816,-0.1167195265768681,0,0
-0.8991539058020926,-0.4855114924231333,-2.2464514562934235,-2.8266479162047946,0.17487135186942426,0,0
-0.9910080565477838,0.14368430918066813,1.9486899666882644,2.21943754844332,-0.8740031177612261,0,0
-0.7513751115938508,0.5408275277042423,2.4780626092851685,-1.9622642673722828,0.7924578950949922,1,1
0.9326125910459139,-0.27568568890949463,-1.9094212098592007,1.9412304050038642,-0.9087618774173984,1,1
-0.2839552689398354,-1.0256852461974864,1.5413584391393282,-1.617334806799226,0.7495777280984844,1,1
-0.8946703319121653,-0.5048564479211017,-2.1695700869568806,1.9989626106491913,0.85020095903055,1,1
-0.4835729636714602,-1.0121107052357736,1.5300824724085929,2.6927461338950143,1.6473386853288483,0,0
0.5362124458434522,-0.9212534683641976,1.9663661932446463,-2.387445150923391,1.18540512316611,1,1
0.17127260372208403,-0.9757515376666688,-2.5555397458504854,2.513068292497276,-0.5625536655188005,1,1
0.8992151449108909,-0.16548489045869536,2.2663155445657583,-2.1362421685482085,0.20013543016127225,1,1
-0.62718940878767,-0.7132426143933254,1.3697260393973827,-1.9783187964098663,0.8023804718436484,1,1
0.3919758451700408,-0.8863894596475836,2.3808876067133653,2.59495548113922,-0.09836741765604236,0,0
0.015156765125814185,1.0714887554381265,-2.168899892154382,-1.7032581337266426,-1.4886987016522695,0,0
-0.8551506316939405,0.6819823542745905,2.092825212019911,2.233959856256409,-0.31701796586584735,0,0
0.5477417599538246,-0.8435662715228619,-1.886829533212185,-2.398047365864978,0.8506517875699994,0,0
0.08455111640542093,1.0952164994512472,-1.5437367261918056,-1.919485794945949,-0.3921405255072272,0,0
-0.7638129560510314,0.7296554803223063,-2.835877623884712,2.011527375702402,-1.4329214605704745,0,0
0.5488493569326031,0.783389684353788,-1.8093185676272012,-2.088573239080738,-0.026107469570861044,0,0
0.3100150735850777,0.9771733584464167,2.716444171094803,2.1313330930207384,-1.5569086487955615,0,0
0.7537327482302543,0.4934623285891561,-2.4579431816309683,2.7961073144662016,-1.431284258368288,0,0
1.0764152157529712,-0.04235420835539726,2.193748200071544,-2.9319899920259545,0.03183649307081602,1,1
-0.48638397250618104,-0.8243810429687003,-2.507844425831507,2.484368022143505,2.6060738497447025,1,1
0.9277903886564111,-0.11892700613413737,-2.1134027454989113,2.028085136371218,2.2282178212891086,1,1
-0.2589006086572984,0.8981839164670934,2.344870869988184,1.922573421452529,1.8928038431403569,1,1
-0.9794311007965106,-0.19233317409304573,-2.8845715140083015,2.573156251198711,-0.9420529182015152,1,1
0.384842348053541,-0.946534962769857,2.1878966540592715,1.959469639033083,-0.380116561206986,0,0
0.14192311493283283,1.0462463538706501,2.4229199887696398,-1.756471353541233,1.7222310669096679,1,1
0.2448210481469781,-0.887303804897403,-2.7694975798566395,-2.1064577789517647,1.5332531404500702,1,1
-0.6941907555570884,-0.7299757066143575,2.0426941464105033,-2.1875035088062598,-1.4494806196699253,1,1
-1.0349268441231563,0.10102184353171922,-2.1063860491856787,-1.6453020115780455,-0.5227072786411066,0,0
0.32651299578019083,0.9875077552022034,-2.006843853186491,-2.2393578085010635,-0.9906176081841446,0,0
-0.8588229598339268,0.540495667728721,2.940470410273586,1.8703827074378803,1.2347652048293956,1,1
0.17279622787723323,-0.995050368415037,2.1989990479452657,2.4000678225170633,-0.4870092179511338,0,0
0.867743262007174,-0.493295861206085,-1.9233566296860523,-2.816501571348504,-0.8534914086495747,0,0
0.5026005899029973,0.8150354598996616,-2.157910077674401,-1.9008551596213419,0.589496202565998,0,0
0.003647891475008322,1.0109563043192185,2.1716127819519713,-1.7929762246134564,-0.6959292205740515,1,1
0.8393350104838151,-0.6142272829962034,-1.6731167735655514,-2.0801576004904163,-1.4320999940413701,0,0
0.9185268511984407,-0.0815314338061512,-2.799367771010026,1.9371100162426973,0.9758002666613043,1,1
0.9069205255662732,-0.6253383978570793,2.1188158121492835,-2.8601365172192397,-0.7088535558840792,0,0
0.9599876293917595,-0.3162528275687311,2.0271934843631767,-1.8172484316385624,0.6592225687833624,1,1
0.03037760262926696,1.062249293812813,1.9174858814198732,-2.0104233803203346,-0.1451959708439525,1,1
0.29999640988306,0.9195965882481578,-2.0347693772510573,2.6093838700173575,1.4479501387844662,1,1
-0.7858708002917674,-0.7407578230645597,-2.0786326829523785,-1.9978774389977725,-0.7112759021163102,0,0
0.820677348305157,0.5110817520118521,-1.786014019205498,-2.643202569382888,-1.1329253018494918,0,0
1.0315638833983796,0.07591419164365173,-1.7205322942115022,2.5395587142500466,0.15920946047133425,1,1
0.4593764462870785,-0.6554098745258244,1.736626052757423,-1.7119297669802576,-1.3611624053571236,0,0
0.3161923229162772,1.0339139736024412,-2.094801544147612,-1.4658402036513107,0.9155686072627179,0,0
-0.6603636246335577,0.8477903630494393,-2.211889613450463,-2.0234970429485593,-1.144554293524338,0,0
0.8680950228977098,-0.6078884593851352,-1.9706959278815466,1.923619207979524,0.28765270038616286,1,1
0.5931584548189274,-0.7286755951806191,2.210324677861986,1.9580975411305728,1.772132662747199,1,1
0.2909106220363751,-0.9730290673234492,2.14607571181573,2.205631104016129,-0.43583544572139243,0,0
-0.16947035850471664,0.998061889498023,-2.2101126776622197,2.364412747101217,0.7019134461026889,1,1
-0.9850721128832008,-0.10123898520405601,-1.6966797003583163,-2.2312107240571177,-1.4969624532730654,0,0
0.5270860085407012,0.7342407987605944,2.4202528589615495,2.0237688324500716,0.58031327375152,0,0
-0.41753054112609367,-0.996095931758772,2.281891389942553,-2.5644525853078526,-1.3624404133730328,0,0
-0.6379884753794698,-0.6578595246711366,-1.4281706471004458,2.167563437304801,1.2104458641543685,1,1
-0.68830956626693,0.46197272369544873,-2.346953756337307,-2.0568473914808756,-0.19911975446027397,0,0
0.6258173471166114,-0.7658221883366219,2.474857852694256,-2.1236547548603597,-0.47126470643115603,1,1
-0.2385990723255903,-1.008614376327371,-2.2223627408603037,2.489533759284047,0.21886536480880467,1,1
0.8017671555520125,-0.5900450244549369,-2.47667687627557,-2.139121461951836,-0.12403599237682472,0,0
-0.6459995787357877,-0.8935426463549639,-3.2823468022611495,-2.1074944447243835,-0.25450178962179004,0,0
-0.7637698795261101,-0.728452294394284,-2.1458601587334027,2.400802282652115,0.40699515187831803,1,1
0.17533736629281396,0.9766641550566049,2.2640218761529862,2.1265763670585582,-1.798361421691029,0,0
-0.7067649779421109,-0.9041826165976903,2.111369523001138,-2.2012683144612355,-0.8475552090802172,0,0
-0.8735030551345739,0.5218885627136784,-2.290468354769799,-2.6043452177277886,-1.0737113377961427,0,0
0.9472872341091638,0.39132310989666064,-2.6258585459358437,-1.7192157390840814,0.15475908991437712,0,0
0.6970996099373606,0.6809757485074804,-2.2811334516350343,2.006565250257191,2.2458528050821003,1,1
-0.5608797282257023,-0.7359436410243433,-2.3865499542851856,-2.2121501032723847,-0.7543921257061755,0,0
-0.16282096414098693,1.0759135377531504,-1.895496249551474,2.0861804610177455,-1.7021766325489542,0,0
0.3973311953586181,-0.83334419362754,1.8815258151637422,-2.0701071808290163,-0.2501560151939906,1,1
-0.06639212616498025,1.016523019193283,-2.353157639175952,2.7209713221036687,0.9507074144871634,1,1
-0.20983550837402196,0.8890962689581247,-1.8605838338511074,-2.0646697048231535,0.27338336473553454,0,0
-0.99341064144484,0.3638779507524153,-2.452049867846121,-2.2849190857050488,1.0560216840499077,0,0
-0.9541539007442359,0.19636710698214868,-2.4931311274293613,-2.023814076631506,-1.4774301385738604,0,0
-0.24393375193311262,-0.9154127382519684,1.8110581276497157,-1.748987471408135,-1.0134929687574772,1,1
0.6480165287563877,-0.7384491759898438,-2.2783313855804757,-3.1387620924550803,-0.7227969932857327,0,0
0.31999372948841354,-0.9589888456644416,-2.3621937854415687,-2.482441483876275,1.353304685187797,1,1
0.6885141976344388,0.7393016297744162,-2.2803385345426936,2.7972488325824902,0.24952820547636298,1,1
-0.3768639886932921,-0.9685796601896465,2.426752281477073,2.434997090867932,0.7066196443914932,0,0
-0.417833856680916,-0.9155992612226787,2.493340126804019,2.110106593327325,0.6429966748732844,0,0
0.7610384117356147,-0.7359509507810504,-2.524671530308909,1.8957579726572409,1.1257359563200595,1,1
-0.8754653076852508,0.5440127069552801,1.9323964434311962,1.9704771177916696,0.13689343183344455,0,0
1.0056550959769364,0.17512971382565753,2.0312412114262535,1.9891105417198565,0.713366262338726,0,0
-0.6573204098106447,0.745281207595561,-2.2018457336752637,1.9267556644580404,-0.010967301420862392,1,1
0.8718427370486345,0.23664414352729765,2.449371825357176,1.9548915365431367,-1.6273962631494527,0,0
0.8234213364513616,-0.7488429722213065,2.940009612948521,2.0954113165252624,-0.7008020864065972,0,0
0.3782316361094146,-1.0288646980126324,-2.823818685095615,2.30617493562486,-0.5677931660423978,1,1
-0.9066480840414476,0.2789401957892718,2.4657836664213386,-2.1464932079130694,0.1726149729735863,1,1
-0.08070689658443485,-1.1453646674554905,2.5692414776955204,2.5748148698496607,-1.0717706485942933,0,0
0.9605020788109632,-0.003925704894638858,-2.4243268384780765,-1.530315439305793,0.7073500023819753,0,0
0.1180492575078165,0.9418043035790465,-1.7118108956336648,-1.8641111878927439,-0.4552350918515871,0,0
0.7426885596163588,-0.7772459907345863,2.2791748009916244,2.465102478781487,0.3997392477747777,0,0
-0.4257604729678454,0.9645924773671474,2.5335868553405128,-1.896202217004155,0.8809240821252847,1,1
-0.9574155006969209,0.2298055973925485,-2.444079823608251,2.1169110932030897,2.052317269845088,1,1
0.785257714658549,-0.6818259154343744,-2.5533546500679876,-2.1743605137810786,1.1904854030585132,1,1
-0.74806501952131,0.7595146406904375,2.0850070134301504,2.1982549199026526,1.1108965448934698,0,0
0.9333142724108873,-0.18849017774479326,-1.9415718190975928,2.122695174384652,0.5945193084398369,1,1
-0.666728338153765,-0.6513485406338707,1.8627590053735807,2.870869908710644,-1.5257808437822524,0,0
0.9623833827173813,0.19081577244783618,1.8985079969019978,2.069602576143153,1.017337486867748,1,1
-0.9038741463288631,0.5040269050801025,-1.9814974413649353,1.9755747021638257,0.902623852568704,1,1
0.021932666365973682,-0.9823565050987124,-2.1671089448268037,2.3020038474354485,-1.8533986601512518,0,0
-0.6000324987192132,0.9061027620039623,2.079132659061678,-1.8123775226713121,0.08555016073253102,1,1
-0.8430976422563674,0.5060738831019099,2.9912838012695877,-2.5274752351045287,0.04878430352503278,1,1
-0.8401010039310373,0.6449545671596076,2.784473359989354,2.1371237162850356,1.2058668117032463,1,1
-0.881487297097169,-0.48086015356182615,-2.8116256173958116,-2.2134981025594866,-0.8662468215835432,0,0
0.14900947330122377,-0.9094048824982022,-2.4519626943782455,1.856988202550431,-0.7961284649624807,1,1
-0.6900573090667012,-0.8187717954933346,-2.2129426847272033,2.529977631790614,-0.3955840404075068,1,1
0.4788532148669263,-0.9840765612601343,1.5937638560475473,-2.157002199405965,0.9993326172626367,1,1
-0.7415559287265872,0.6697240674304461,-1.8929576642744586,1.7707377495777936,2.933498893519067,1,1
0.008955954323374168,0.9529597782401071,2.189360807377293,-1.767902748227355,0.40684288289304776,1,1
1.1472979881035317,-0.11867566517427984,1.9097115582095814,2.60693216488943,0.045429428027150116,0,0
-0.9651350344754047,-0.2900202912140766,-2.5399663162314576,-2.478416437846036,-0.6145193415553721,0,0
0.9752351419209625,-0.31504598325661815,2.450136227205884,-1.9600853162733267,1.1189383671525999,1,1
-0.23455622430663625,-1.0174692038554742,-3.086997754293234,-1.9126269598151577,0.4402236762991148,0,0
-0.7885635014986573,0.8716131411236858,-2.1239359207328103,2.2681596963979955,-0.6608373999118077,0,0
-0.6945095072722746,0.6515520781271257,-2.0657157250183302,-2.156190204005557,-0.6450158573844303,0,0
0.7261754778360645,0.670352810417238,-2.9111970888972603,-1.8478446092897216,-2.4887994123631874,0,0
0.941179931558619,0.41445718846414503,-2.4664724669484825,2.313496058862899,0.5615324357470793,1,1
0.13227332445140844,-0.9329395043239523,2.157550425995856,-2.0709441282970116,2.0505201376598903,1,1
0.8022513278424402,-0.45071285520499316,-1.9611915889524671,2.3251937985457642,0.20367104868346228,1,1
0.5210431780035512,0.8592030498600596,-2.053530684400056,-2.1051717451468672,0.6429585360182528,0,0
0.10411011412945727,0.9393000406847926,-2.8510906812668337,1.9784822340560675,0.6125393952401593,1,1
0.3467179860161184,0.8243175960834508,-2.49076810487179,2.3781055509596283,0.9183617924459933,1,1
-0.12413239630200264,1.0450035921769232,-1.99292092082315,-2.2091195696591654,1.7133770725222266,1,1
0.939575109266943,-0.5705569781123508,-1.9215446914361454,-2.2403694055472188,-0.6803244757140918,0,0
-0.8381101337453104,-0.45485282911080477,2.0818088645279484,2.5653466132497633,0.33808560591019876,0,0
-0.606140867749816,0.8050320687955659,1.6643343932464751,2.520006861386714,0.6585886851716448,0,0
-0.2692406957899528,-0.872003613819615,2.542367769789562,1.901474054663798,-1.1270681730284642,0,0
-0.10308752231068566,1.0088958235712127,-2.333490699626676,2.3208543380026363,-0.07533268675495534,1,1
-0.5085435905357533,-0.7380676207592953,2.194685316077006,2.061113463137329,0.8448765295841586,0,0
0.13737601097729435,-0.9523062349854409,-1.827610154644338,-2.1243098897211805,-0.21471488556614063,0,0
0.10518071370635079,-1.0071672831756964,2.228231500897713,-2.2789618237412355,-0.24052145377162593,1,1
-0.8927752818922969,-0.2242611671505685,2.2686984539615924,-2.345057115960125,1.4080420292774967,1,1
-0.7225405034505562,-0.6733833164970088,-2.187909470508368,-1.5616287349572613,-0.5342089088085955,0,0
0.7802718762217196,0.7714716706592747,1.780603955448074,2.1485142859615127,-0.6501271311931606,0,0
0.8727334549183062,-0.5212694782334221,-2.707132180877968,-2.092562630116921,-1.2200875481603894,0,0
0.7089847336961924,-0.5617315847937493,-2.241574849523749,-2.073742526663027,-0.5913607822521953,0,0
0.5432943979199756,-0.9914960446262533,-2.247700013197964,2.184898345096394,0.9987093927140909,1,1
-0.23639542120459986,-0.977813221337725,2.190504865271411,-2.1177539450407683,-0.021795562686890063,1,1
0.8659458285985097,-0.09002363330429747,-1.7907731272687526,1.8820362143106797,-0.9437774920065674,0,0
0.029877665136160407,-0.8955148199406373,-2.4041474624674204,-2.1087397219092954,0.436646824660299,0,0
-0.9679595851101988,-0.44207798559491773,2.380330559896836,2.5652068452218355,-0.5831469787213408,0,0
-0.9194316529844302,-0.4975272407665121,2.032114523016936,2.1333539141539206,0.4202119280001378,0,0
-0.9645768181952117,0.24713708284246808,-1.975587529018992,2.4071328290163647,-0.8750476378754919,1,1
0.011185209466394957,-1.0785451541967723,2.1893032046353182,-1.6534901235833903,-0.8851941727264533,1,1
0.9232186414876893,-0.06156198213632533,-2.00532881215913,1.8447616107498894,0.28483326026274397,1,1
0.8532882688275389,-0.5447291182285343,2.230688163099605,-1.8533358877414763,-0.28981426753259176,1,1
0.11013942482402063,0.9811745064055737,-2.513249012867115,-2.4534732392339267,-1.975302448050099,0,0
0.42083157301544377,0.9386577700841839,1.9720719115840295,2.00347986429593,-1.6690112423992969,0,0
0.5350869064237809,-0.774066554936324,-2.569539785349072,2.3706034410068155,0.9944633567502185,1,1
0.9311319635640533,-0.49788649322273065,2.1330930092928972,-1.9829199639081632,0.18063519838236103,1,1
0.21189050892514188,-0.9147511177705108,-2.330420293760834,-2.7441398502966496,0.7063947630837026,0,0
0.6145813644972681,-0.6392976702200738,2.795022588656364,2.4635966841407932,-1.4159154732469181,0,0
-0.6631178843816399,0.7859568016006355,2.765887035052411,2.448165869083819,-0.3565061817798828,0,0
-0.04784116569057134,-1.0911715676797402,2.2163212115994004,-2.3008924978576686,0.06322280648633194,1,1
-0.19661946391431795,0.9348829899942325,-2.3657064102240044,-2.260031154472835,-0.5453455910444616,0,0
0.45928777421551054,0.8165900638300733,-2.387592745358757,-2.363433584146964,0.6468964314591149,0,0
0.13146815366759274,-0.9752963760746615,1.583293741005169,-2.2432590142291393,0.8269616246856758,1,1
0.9609908491725302,-0.07451414606092983,-2.0148052040766933,2.3105222303091923,0.7719278241465856,1,1
-0.8519768109937922,-0.5103836113697707,2.294416984581056,-2.5831772061275906,-1.115989940584378,1,1
0.34067975699611347,-0.9665683888649946,2.262962275865831,2.239949834534192,0.018861552217102815,0,0
-0.8908517316564095,0.14159916487009927,-3.058640580360878,2.2768682752827663,1.2916601774188359,1,1
-0.892576051628233,0.3781949884566545,-2.044865594538972,-1.8647840609672626,0.7363627309745392,0,0
0.18725342060085956,0.9088282231842799,2.175927677434,2.180896191125669,0.2193804424625831,0,0
-0.9061885853401737,-0.5017227863138023,2.066645863735376,2.034935434832149,-0.42271112022940455,0,0
0.3650963846970414,-0.9440984320991007,-2.303191871823083,2.426322590415465,1.3544478090109917,1,1
0.7568827496765166,0.8083768550598631,2.479690066292139,1.7723852590639373,-0.4875376961518172,0,0
-0.41416514615224365,0.8736383106646467,1.9172187247477832,2.788729849876167,-0.29618714819315933,0,0
-1.0151590557414334,-0.026429664378946047,-1.8256303501867257,-2.110640334657304,1.4358473872142608,1,1
0.5984387077400241,0.7683536824697608,-2.010834018276241,-2.317278349268204,0.04032532820020495,0,0
-0.8198120123232187,-0.4220509136463312,-2.2381927200181484,2.6638342273945685,-0.49102177360901056,1,1
-0.9910979270690536,-0.022403145186935734,2.333896864349106,-1.7428613538352,0.2626790898966168,1,1
0.9460149898755671,0.3880643271657098,2.7040123727305416,-2.265649969781732,-0.676800109570438,1,1
-1.0796961348346987,-0.14683905789181464,-1.7120994393421225,2.1663697055568027,-0.38966480915393537,1,1
0.9997078059106932,0.024514436225034193,1.6146671826904266,-2.795569631573043,-0.1935232670591126,1,1
-0.9385932088239746,0.09201961670149247,-2.2256005973574333,-2.328119476311909,0.8140660956559138,0,0
-0.6030119992740759,-0.8676882946282036,2.0140544856324345,2.3410854039734152,-0.0950002002316192,0,0
-0.9086379171200532,-0.20758430764903088,-1.9937704037221324,2.4615468041135067,0.484155766158172,1,1
0.5407747921626568,0.6451490878561893,-2.4518777091334623,-2.1614125579123673,-0.9816225642254282,0,0
-0.7525880894840192,0.6886935004012867,2.148934763789385,-1.9701392947339111,-0.07262058488791226,1,1
-0.7082516388749911,0.7838970283193181,1.9045754662138303,1.9611273192639516,-0.47982121878458545,0,0
0.7760973860485458,0.6710424418440454,-1.585378354367967,-2.66330138463891,0.9219850298011902,0,0
0.4268171162427851,0.8851667314200524,-2.288785520499651,-2.0126648960366027,0.5044484181084006,0,0
0.6292301555460511,-0.668870419480988,-2.0351179924129466,2.5081127733478326,1.1631639859417393,1,1
1.0405871000799856,-0.13448076431013975,-2.0773469206396826,-1.398439366983432,-0.14022823597971487,0,0
-1.0385520038076574,-0.1157139129334863,1.7764673466587448,2.3049998045177214,0.40026689302033713,0,0
0.8955801964765686,0.01275346391772636,2.31645985244183,-2.034336157187396,-1.0565212893092906,0,0
0.3377999194629621,0.987710147178141,-1.9974994685974452,1.7074970314035436,0.9850415191977349,1,1
-0.85598360199224,0.47806881868529866,1.9722235216876838,2.261887036902459,-0.7983011657029924,0,0
0.8521251635613891,0.3420534462597752,-1.4446662364303644,-2.248007544013352,-0.9308101568961306,0,0
-0.9562629787740714,0.3957696347386331,2.587575925517065,2.176546461215456,-0.006109905221141611,0,0
1.0079809593643405,0.04436802050312244,-2.6213288749710024,2.5713645351348693,-0.16786084481354435,1,1
0.8348881354449972,-0.5299424907410679,2.5232723499776903,2.563125665598683,0.19969392606240408,0,0
-0.8191699392755551,-0.7285422402196678,-1.9701196360172304,2.545407702265458,1.2259715011579464,1,1
-0.8141357355540016,-0.44197861232034846,1.924692721376258,-2.147908741974333,-0.3651574265469352,1,1
0.26586569112342395,0.9971808290879071,-1.9477642885043367,-2.5028220242038683,-0.500522917862357,0,0
-0.8439556687800348,-0.5222245794884507,-2.314178163945638,2.419743450773226,-0.2562837944593944,1,1
0.4551863245438978,0.902455388229545,1.6924361905673644,2.343513134250422,-0.372542798364148,0,0
0.5124936618137353,-0.7840308311868924,1.3947940288183407,-2.0106053788409293,0.6798444854935987,1,1
0.8566414089324382,-0.1326284478843959,-2.723293137723449,-1.8131451491742385,-0.6052774083041944,0,0
-0.5560737051310545,0.6313286939468907,-2.804343185990595,3.360816907026689,-0.7560802617475586,0,0
0.8015544699880672,-0.5656636351988541,-1.5765693148543787,-1.8877390427741967,-0.5070173577012388,0,0
0.6952561553020056,-0.6029205274518361,-2.6753994683817335,1.7184030464914661,-0.09096616164855605,1,1
-0.6934069861088799,-0.4341988246275814,-1.9532332077947903,-2.229738431624918,1.5133140826878628,0,0
-0.32571955258785895,-0.9130089053757648,2.0698753313720775,-2.701098362192828,-0.4688835609343204,1,1
-0.3051901929447719,0.885306474707946,-2.4357357471979966,1.6965515434454415,-1.106590647709852,1,1
-0.6196824555634417,-0.7624921292011899,-1.5633660349340897,-2.3628108315928147,0.4889806639111476,0,1
-0.5802516471166221,0.7496826854978054,-2.148834826949641,-1.793631843477596,1.3758160400960184,1,1
-0.2259151368433163,-0.9528024910273175,-2.2967115516414665,-2.403245782350005,0.07542061702555967,0,0
0.5307916899442594,-0.7916156890264242,2.17390172422917,2.1748218476965584,0.29885948392289174,0,0
-0.9628377006481116,0.18192059660263532,-1.7506149141692635,-1.8903342540497992,-1.3363860468723296,0,0
-0.14370062472045375,0.8840477170561548,-2.0434852312118035,2.7285874828360144,-0.5756150110153022,1,1
0.2190823942070253,-0.9512873362552879,-1.8744257509003213,1.9799020629796569,-0.20346705112605293,1,1
0.6134945327260024,0.7111894776573515,2.2129768499162967,3.1695258849876735,0.030562614911633507,0,0
-0.29169568496375314,0.8528280144697319,-2.055362191350659,2.0902587460926587,0.9690596067815627,1,1
-0.828229271454014,-0.47224429457417505,-2.408182400035372,2.2404535040200337,-0.813828166612841,1,1
-0.9878862909109022,-0.3083412851675444,-2.6381528791492053,-1.5596369376521921,0.7875904068563488,0,1
-0.7092667448223853,0.663761633735161,2.320818648873537,2.448246394013156,1.801923363388862,1,1
0.9067099902003528,0.4259736623413918,2.5132941685377395,3.0406441069988515,-0.5206324212851655,0,0
1.0386900657275289,-0.08612184561147102,-1.8781340692446915,2.078157446166046,-0.13460231309681128,1,1
-0.35141761533029187,0.9978051059983734,1.8893026729650049,-2.030188296099295,-0.3514610644074121,1,1
-0.8434811213699628,0.5394313239089462,1.747856154072257,-2.402576494432128,0.5612105743957382,1,1
0.9662000057283247,0.5518201761989676,-2.0345288053170867,-2.328270535017134,0.12406417905221823,0,0
0.04333220121708405,-0.9785239500119293,-2.460032757810483,-2.0823757754205134,-1.3658769005719977,0,0
1.1170336429000918,-0.19518966470040755,1.7033096736836646,-2.2653645566507565,-1.1772701565669283,0,0
0.0760743266671563,1.0048321487098932,2.661944018884876,-1.1115976781323116,-1.6015833768598522,1,1
-0.3405882802501727,0.987358746357476,2.603265549102117,2.130302961941151,-0.14755798804445566,0,0
1.0523107790939252,0.09820571260234782,-1.8284028891082418,-2.4500851732173206,0.0045531616553532534,0,0
-0.32713047775780557,0.9635833060626252,-2.284895184494605,2.5447814909916864,0.2954446431656545,1,1
0.9328962538501839,0.4560452246210148,2.4072521484090665,-2.617454088854169,-0.35025087257792104,1,1
1.0301964840987183,-0.21216037463924278,-2.445346535157488,-1.601620601905232,-1.2031456678722816,0,0
0.7721239399077845,-0.6482214136687691,2.18187235453116,1.9126811056568547,0.627831137614882,0,0
1.0715030976588096,0.1251183033759526,-2.892702541099373,2.7727213300185443,-0.4332262625156788,1,1
-1.030152584952165,-0.10264911787721032,-1.6231810471030106,-1.805403663855023,-0.3221824851423095,0,0
0.892467211495155,0.3948554133095173,-2.0037955880188947,2.1084478693942037,1.3107866401956865,1,1
0.0362195842925599,0.9581963875642622,2.7421957149922744,2.6589547344392495,0.6355829017538454,0,0
-0.5814171695858076,-0.890134562382117,2.282397746546257,2.026256342004149,0.9601594073044242,0,0
0.897860805042727,0.5077309706392813,-2.270284544633461,-3.0165978361468735,1.9752483384908726,1,1
0.3779685421062037,0.8524874468648848,2.885369273673897,-1.9092751120709373,-0.6047669816896312,1,1
0.2840032238179977,0.8941390703654923,2.592880531590693,-2.7410355510462687,-0.1981143940490183,1,1
-0.22739191138310832,-0.9274257400438278,2.4006598652642945,1.793908091519068,-0.7926095883101415,0,0
-1.0641713394827161,-0.11766130856324519,-2.0990404204333664,2.750172235447703,0.22051859550841368,1,1
0.9517864611951571,0.48480204207374594,1.3207148907317974,1.795967564229776,0.44544368365468223,0,0
0.9932893295655847,0.08233101538305242,2.261621598083888,-2.5580294276431865,1.0139711132887934,1,1
-0.3359416673756281,-0.8941607383951097,2.0774973541561845,2.0970140315514434,-1.9378705797388225,0,0
-0.9420485991765373,0.34756458999183987,1.4126988239674039,-2.008671391094669,0.3932821693748496,1,0
0.07105593663602207,1.0761456673989058,-2.4766417469652575,-1.6499567296328062,0.6012186624362175,0,0
-0.46417526790443936,0.873975678798717,-2.092066750256729,-2.3977162889109405,0.35916010903744944,0,0
-0.5846221724796223,0.8263463830947291,2.5471171464692826,2.196401803956626,-0.6150626529689608,0,0
0.1217928131721803,-0.9411069605797237,-2.4100418939049284,2.103777742097507,-0.9219764666484811,1,1
0.20571913738348954,0.8934762364399975,-2.236913221829998,-2.2487503948264775,0.3660448058287626,0,0
-0.700030756392967,0.7259602693278587,-2.5397121958282884,1.98758767706027,0.1741772814224123,1,1
-0.6103563936958419,0.7820663439650785,-1.7961492585111751,2.0634307554243283,0.677145085870869,1,1
0.9087754981953784,0.40876740132565503,2.850942231191759,-2.0092161338147956,-1.369155331237016,0,0
-0.840359366950234,0.1956177036975313,-1.991846773177218,1.785407357131525,0.7608412536388749,1,1
-1.0537210278252,-0.14100633424467116,-2.477902913854986,-2.2198423443870148,-0.3974850243227841,0,0
0.8807042275810698,0.4935415538046445,-2.4048501188504376,1.8664244943756136,-1.7120738446102723,0,0
0.4102630520445435,1.0114414437078725,1.967624506614374,-2.8141676273878,0.17652918035305715,1,1
0.14521152030940282,-1.0037167230497905,3.3120615441700925,2.3857271863719216,-0.5936362127587077,0,0
0.06621910113678713,-1.0698062711632,2.14120508434642,-2.248130427582449,0.3932562754973274,1,1
-0.05423508851455891,-0.8280099413244016,1.95125240629641,1.9395512048316454,0.037715926323202684,0,1
-0.8864543292255783,-0.4646624791482558,1.422088497592707,-1.6245667817864486,1.787592883251454,1,1
-0.9759199802505176,-0.1592382328001296,-2.4088924067010598,-2.4585637831750984,-0.40904202006571133,0,0
-0.3960574584619896,-0.8174522835355525,1.582921150881511,2.1282234678193546,-1.3139347142020892,0,0
-1.0062018552822622,0.0002377049244393593,2.271258851090366,1.7432890719994996,0.5173447150526315,0,0
0.7704003415479166,0.6443922660916384,-2.1225328241845283,-1.8297249938974254,-2.381232925397535,0,0
0.2412183444528161,-0.9715296348288238,1.6046039652824784,2.081077659478523,1.1994873502765404,1,1
1.0866478886728947,-0.052321873317327,-2.4413422574583397,2.3749998855749874,2.052375199432346,1,1
0.8509451769625125,-0.46206025900975517,2.697587113608139,2.7920342348454654,0.9782873154030693,0,0
-0.9152137130725211,0.11290799083535091,-2.2871478625398947,2.035715071435912,0.4684594626489868,1,1
-0.9094722751570286,-0.2691944680190343,-2.6732350014094166,2.0025171899053937,1.5155251811037211,1,1
-0.3240290991170483,-0.8959881535069631,1.9633630752008964,2.585922414509485,0.8875372913457727,0,0
0.12910977035631463,0.9757593299154403,-1.7798513854581717,-2.182498901353571,1.3687673700664853,1,1
-0.18210191290556613,0.9874721519530679,-1.8450644051528124,1.879631230245042,-1.7047323531637848,0,0
0.1012058959862989,0.9492172104488904,2.6231650826960613,-2.037594516191121,-1.2021496029829466,1,1
0.4384003887156073,0.9587333871706365,2.4410161618290043,-2.8070689050374833,-1.0588555828506363,1,1
-0.9504316259707056,-0.36962216864414243,2.30773155607267,2.397885302686663,-1.0382719972876144,0,0
-0.9530111059544258,0.41055605826077257,1.7219460386143857,1.8121178842750019,-0.332824877706892,0,0
-0.8784467348877838,0.6623526077497871,1.9382899997874357,-2.101122651020002,-0.5174753480672301,1,1
-0.29593468777916965,0.9740162670242924,2.4903217955133177,-2.330901489888602,0.5107065644388278,1,1
0.993052063908545,0.193730017328363,-2.078680555904435,1.95148587306752,0.17749385123129485,1,1
0.977748181909406,0.11181990455629437,2.4363374909411455,-2.461972397361958,1.5262357328613578,1,1
-0.5783989557094397,-0.7392153314658255,-2.5520906469850004,-2.3019003925060364,0.9976810833942783,0,0
-0.48935629522106966,-0.8636112311876678,-2.354338755225691,-2.4744277174791924,0.10935936484308649,0,0
-0.6991145517953447,-0.77800376816226,-2.1588700345214114,1.7175043569369948,-0.45300103409619835,1,1
0.9796495508966657,0.4021395994235337,-1.8483000370453493,-2.650919623187095,-0.50711333842836,0,0
-0.4247414503191548,0.8653503673092732,-2.56298122399859,2.143039000308484,1.1460806506623011,1,1
-1.0113502082486476,-0.17266700617060105,-2.410413053727647,1.504693515723029,0.18353898811119493,1,1
-0.804631464205844,0.5990160599935869,-2.036374577904052,-2.3138481375802398,1.4300397112580625,1,1
-0.5286241175646471,0.8701787704963784,2.4041106780863135,2.1062205125093123,0.19872179391641448,0,0
0.9315460411412902,-0.17154221232864694,1.783763896081713,1.7604546360442983,0.055731277327932864,0,0
-0.7812827541625431,0.6802351586482037,2.2020171988432207,-1.9737687132392958,2.1707938000587066,1,1
0.37337709285020076,-0.9523272791650834,2.0906073592485104,2.306825785252407,-0.12067197403129164,0,0
-1.0898287594540692,0.14324451375695182,-1.9189328120224507,-2.270068377064439,1.5661769678488302,1,1
0.5704748538663268,-0.9486062828223677,-2.446563943192271,-1.473266374754023,1.3755082493763444,0,0
0.13921194858532898,0.9332551614651035,-2.0632153921389316,-2.284516589797929,-1.875853893873125,0,0
0.9107068490216838,0.295571054923858,2.6694606755025014,-2.1386914195228846,-1.2935874027426257,0,0
-0.6886009157585251,0.5379965758076412,2.2382772425519994,-2.1570348998171167,-0.6970163668699993,0,0
0.3734517540015748,-0.9908529980147903,2.0097997511461125,2.090403995628437,1.2941726311200246,1,1
-0.9734013022332421,-0.36264955689457845,2.7659045558851627,-2.108626885790455,-0.3868126706092504,1,1
-1.0719467407639818,0.16163172445736673,2.853463001460794,-2.305556697794826,-0.23764772498787035,1,1
0.7442909280836981,-0.4115590331887045,-1.7585520789384161,2.7741263619079497,-0.6637539924682214,0,0
-0.9836310198001824,0.21030616804028307,2.217966282071262,1.9857991125156853,-1.1500252039326697,0,0
0.4410705439286984,-0.85811138983503,-2.787018220754175,-2.5580886506037555,0.35610095383604123,0,0
0.8324270516979961,0.5854174381595462,-2.367403813911696,-2.180991934184348,0.840686031531042,0,0
0.048876175059016695,-1.0417679462059546,2.353200040025104,-2.2036791604719093,-0.11911599894346694,1,1
0.4840491612382133,0.9429603612243462,-2.011120299974266,-1.75669414533858,-0.10299600176902761,0,0
-0.6580385538160072,0.6421485315081121,-1.8057562471566846,2.3329333559309626,-0.6100535517769426,1,1
0.4741509087841353,-0.8728005835834288,-2.174483375625823,2.2653385769563235,1.760235475775764,1,1
-0.6569742636260445,0.724813744746371,-2.7317448898991206,-2.613667261395088,-0.07870934609770129,0,0
1.011650430554946,0.3134927410437223,2.7429906226033824,-1.9898160355256207,-1.3166717090049573,0,0
-0.05606675426218353,1.001823582142176,-2.1982425287724574,2.1603602096950647,0.574264670494038,1,1
-0.21190234004147962,-1.0611131190704368,-2.7638874375876474,1.8194686717790747,0.5875855758280959,1,1
-1.0116196488177016,0.021518650268436638,2.407407577754954,2.3745883475328426,0.4802713794585039,0,0
-0.799685441150306,0.6155742848131018,-2.357500550847921,-1.95662765831668,1.4691332888176725,1,1
0.9941569187413,-0.3260204723190867,2.64483747532091,-2.8729935488077967,-0.09856234901333392,1,1
-0.5354619617664894,-0.8178560506444844,-1.9397603692344916,-2.08218033924476,-1.558197958921585,0,0
-0.40944129566545906,0.941573811265652,-1.8036376447462852,2.4149429771944666,0.45470722322212537,1,1
0.28195804345350217,-0.9250505830271439,-2.174545723061475,2.2408407790858798,-0.4808123351444344,1,1
0.27778546239005936,-0.9530185885570092,-2.6846047091207574,-2.5178580949207454,0.4237763442683052,0,0
-0.2588682635901609,0.8635942967411097,-2.4757140712373356,2.1432979482927697,-0.35101717887685707,1,1
-0.7221142752442069,-0.7154116962723645,-2.2951360505063345,2.6326974025549754,0.20375206352763853,1,1
0.47336386687637977,-0.8758260643101025,-1.5706406666557153,2.223899102976442,-0.08597268757894368,1,1
-1.001327803632348,-0.35200154118162086,1.9777708281929574,-2.012563486134307,-0.9440019369821793,1,1
-1.0819019258494367,-0.19793776982517494,2.6577509982159233,-2.175138523578741,-0.09597445455069169,1,1
0.5970785288525375,-0.829917291151791,2.262524701703696,2.195134371330556,-2.513775426326311,0,0
-0.8449708459318094,-0.5962137890682427,-2.51152402069727,2.5554288849653997,-0.530725881722367,1,1
0.6582977826573695,-0.7426018793607233,2.2859853361459446,-3.1598032198281194,0.4041737621656748,1,1
0.33705247019309065,-0.9185751684853101,2.2998233783519764,-2.4237973461341062,-1.692341757762435,0,0
-0.19468400432690666,-0.9666830169610015,-2.3568375605013943,2.4262570206278866,0.4445595611149756,1,1
-0.2190967106266974,-0.9777467227475026,2.457009417238707,-1.9212293831967693,-1.0021475278766732,1,1
-0.5120688464543082,0.9082094346634954,-2.6387800632420726,2.1673723658060307,0.00804853123387778,1,1
-0.03315839641232556,-1.1071994654148611,2.3481366887076693,2.0513115104498465,0.3440450544383591,0,0
-0.8603432560470954,0.6347812772226903,1.6287643586649947,2.225386944652219,-0.8106754235481621,0,0
-0.9557700819222573,-0.3616115053232885,-1.9590439815744254,-2.521315924574796,0.7737627449910817,0,0
0.15648696664222808,1.0272460946580837,-2.680166439114441,1.837498408115983,-0.41735303433969007,1,1
-0.5447656975846683,0.6996651771674327,-2.153659305027419,2.0625789059603323,-0.8396234050546374,0,0
-0.06953185871751558,-1.0712691509047316,1.4417504270925834,-1.5737927130068,1.7351923286509952,1,1
0.2924764046816077,-1.0933561275142318,2.6464635341911835,-2.1581835671492167,-1.8676290418086134,0,0
-0.565747283712513,-0.8326958127752405,2.147920822202518,-2.1120655894720715,-0.9325930155214731,1,1
0.8507494176699695,-0.5486746259001476,2.3357056477794824,1.8829324287133375,-0.8339696698706474,0,0
-0.8328408118220871,-0.29565177871604936,-1.8712749983189592,-2.579273123710051,-0.6917412832945314,0,0
0.7804034038557066,0.5892642156438769,2.220612944195964,2.0042667881461638,0.6456825946096022,0,0
0.9142067731373283,-0.2880922804009363,-1.9853982217000297,-1.96197783650637,0.5492440347363355,0,0
-0.753662784694129,0.5580453814189331,-2.002149944968539,-2.586849245615673,-0.6261644594040029,0,0
-0.21532838944621563,-0.9588117840411337,2.105811275536915,2.642883744438996,0.8003761331656343,0,0
0.7183739544077176,0.6995874883129076,-2.0003193574783023,1.7288878361290565,0.5587502467670539,1,1
-0.6816904405010922,-0.8489249309743313,1.9905170217147965,2.4352547749323277,0.31592774593739187,0,0
-1.0265001420295423,0.22779323723603914,2.8172243659126996,-2.722526751385019,-0.5211625746056632,1,1
0.8817991829064663,0.4466241265991355,2.365701611688881,-2.2766276554632414,-0.44308458201553497,1,1
-0.2986529263976683,0.9112121405930966,-1.6529040672607418,-3.041593426341069,-1.190569372172862,0,0
-0.965253085088518,0.036625270889598396,-2.146261598780073,-2.4156454500707314,0.9368886073736794,1,1
-0.9148585234003855,-0.5031480811462264,2.3411025123826925,2.601744261836999,0.6687662579964195,0,0
-0.589136445950877,0.8222788759642317,-2.0907259774545466,1.9797745903200716,0.26233046701196555,1,1
0.8698342113060542,0.21386724625324913,2.2589749582777277,-2.1347767296291913,-1.5519330785550567,0,0
-0.5265318917256478,-0.6914069536780368,-2.015984838722214,-1.6266979666021086,-1.248160913236245,0,0
-0.011088107533510767,-1.0320364515840181,-2.3450174559777137,1.7919453875283105,-0.4456164988862755,1,1
0.8361470832310333,0.5833720312200262,-2.4566717461437793,2.697746134462646,1.6194006326612531,1,1
0.5074565233961688,0.8156441840949512,-1.9913204680170922,1.9223604619443764,-1.943210886923585,0,0
-1.0491230050030593,-0.013988607766902013,2.1784738022925803,-1.948458007751968,1.3967669560068416,1,1
-0.8361549136620684,0.6451825232556636,1.9013127302646313,-2.336668814544459,2.005783847866458,1,1
0.9259833123943394,-0.4640436882958833,-2.4326521782897608,-2.1425153204753062,1.123470325274806,0,0
-1.0074391451452651,-0.16372196442591672,-2.105456913076132,-2.2776445853030083,0.13147051410291224,0,0
-0.5087552508563088,-0.9080498979441918,-1.9426970580678695,-2.083380226554953,-0.6039923649915965,0,0
0.12298939437267696,0.9539197816877644,2.0899705799455135,1.4961676115231626,0.7539457469800747,0,0
1.1133904186383836,0.053982048745679245,2.218792673176249,2.0559074440442284,0.32641075465680974,0,0
-0.6044074996655183,-0.7795409842506874,1.9876897037557058,1.9256323844446233,-0.9937860747833313,0,0
-0.5468546459137069,0.9707839172451773,-2.218721834442232,1.7966954358437799,0.2809154875241349,1,1
-0.362509797390291,0.9828529340567547,-1.4797302261211203,1.7523019141441996,1.0651486384478235,1,1
-0.9817301604523404,-0.13139905230442975,-1.8591910654851347,-1.7501780568528658,-0.9308657058319296,0,0
-1.1115411918096758,-0.12268457874143207,2.1173417597228776,1.8779236146734843,1.4357933599324288,0,0
0.24164450647516125,-0.9506413783159672,-1.8671234837460489,-2.2144998516779797,2.1619589663349146,1,1
-0.8377652737252029,0.4149019740768233,3.0445216431781135,-2.1698583312127964,1.5601949763176786,1,1
-0.5406641435523061,0.8777041214160285,-1.8571115408762737,1.8083032037696372,-0.5840551263627908,1,1
-0.29686361550648477,-0.9168422718588377,-2.2660392649975494,-2.2718990063493094,0.762210845800099,0,0
-0.9856357322534591,-0.10090943476299953,-1.7196256301570267,1.920826268021747,-0.530077539927359,1,1
-0.37049336597417576,0.9118172568227606,1.8370692944997367,-2.160833208116123,1.6088161912915857,1,1
-1.043878237575158,0.12683608047568934,2.1717576013842184,1.624950190424872,-1.2081391671319743,0,0
0.45988681135408815,-0.9373532741888432,2.6788358349116383,2.5979839878679467,0.8684819479139497,0,0
0.7186740760479929,0.7274547665611802,2.1675884778270107,1.993651129857733,-1.3428542316848298,0,0
0.8414402201435628,0.17875437380152337,-2.132654408179033,1.922982545006954,1.1865934324277907,1,1
-0.9738544370008188,-0.49311452098382746,-2.25387453075684,-2.0614526366864525,0.05607592820807467,0,0
0.3929410736758025,-0.9519876885699261,2.6585338527631674,2.165310438486361,1.7286255441037408,1,1
-0.8299753608174005,0.3793352530137053,-2.5515102809235795,-2.4974255881635297,-0.11934987371609553,0,0
0.9596325842811856,0.045852285802100184,-1.8815904007813562,2.3411337894147044,0.16950428570082382,1,1
-0.8810294683508898,-0.36160376499296815,1.8293002959825015,-2.3996920483879225,1.9779720397604448,1,1
0.9426288597776851,0.40441816133707503,-1.7348806211578143,2.211309767173899,-1.3082952326539694,1,1
0.7629412861400665,0.5366799013580417,-2.239539768997476,-1.917921453467914,-0.545910814176316,0,0
0.7861361973285185,0.6593571800414274,-2.2871908084009624,-2.3488590466656296,1.212404770977749,1,1
0.9401919385646985,0.3001998797257545,-2.094344691387314,-1.9701310016396265,0.48046854694109065,0,0
0.913862727935486,0.035430859515337046,1.7701758305356343,-2.4576268287740937,-0.16340998507076496,1,1
-0.2258157372014122,-0.9065036794752551,-1.7588125241239474,-2.746591365758444,-0.08119481604845681,0,0
0.44193588879859197,0.921877400427184,-1.7236900161022362,-2.2117750700948244,-0.9893652350831897,0,0
-0.06923788147876007,-1.0027381665459794,-1.6463870274418428,-2.18582876664263,2.1812686089371343,1,1
0.34973707077265925,0.9817713488557115,-2.187898812324932,-2.2826710018306318,-0.4532880180954928,0,0
-0.8840683557851388,0.3794576925225651,-2.1977824523693616,1.9340115620079354,1.6239182162592045,1,1
-0.986207999916269,-0.40940932281457965,1.6367799824811011,-2.072363206921666,-0.522871815928045,1,1
0.61584573453581,0.6987519557683031,2.163268247660002,-2.168181506866178,3.2367364229873288,1,1
-0.9189966040207055,-0.27948838536155174,-1.6508862499920725,2.3951064065609198,-0.7371128818368002,1,1
0.8381605563110747,-0.7044633595177645,-2.5712282412769594,-2.3074379302033607,-0.5785443040630528,0,0
0.963148732995393,-0.19193734330021858,2.403293116405033,2.4228255542161246,0.30842247144315543,0,0
0.8166069940893637,-0.46429787837675923,-2.221027996917973,1.9051731210720866,1.192266249043427,1,1
0.30405972683138854,0.8531564020240653,2.2309295687713004,-2.0981732356041385,-0.15365687604312225,1,1
0.14088276503304678,1.0069941979774792,1.8190114868732605,1.3945643910755972,-0.8716124404842251,0,0
0.6056841541893231,-0.8671244894550387,-2.380041817107448,-1.471009619643545,0.7400983258311855,0,0
0.3169397092436997,0.8424026691618336,-2.013511680742902,2.2968462578563758,0.7008494184309592,1,1
-0.6488526483685074,-0.7938774908900976,-1.962517597048831,-2.2372596723318505,1.841423481003397,1,1
0.43407083993634665,-0.9216487523414781,2.2070871221045185,2.078091685906044,-0.35237402293184206,0,0
0.13819807306779533,1.0587766643245862,1.8581813293728842,2.2359740537339987,1.3224156801022477,1,1
0.37438587341985113,0.9381025766811943,2.1598216887424098,1.91244785028747,-1.9318716790320212,0,0
-1.0268047054796352,-0.19631041879941474,-2.635371458791872,-2.1402927913553285,0.5882450738161537,0,0
0.9135221200948963,-0.48518173851519963,1.9062950927258875,-1.6121813450100189,0.344476907971214,1,1
1.00203216703942,-0.3642518787264215,-1.8022789098033023,1.252655960960173,0.8132940366192917,1,1
1.0491182580070133,0.18372079099784694,-2.908630415115755,-2.063304296623596,-0.10352803180273061,0,0
0.4414868259385119,0.8871087385141874,-2.0612707938227923,-2.1763802455890238,-0.09551034026627428,0,0
0.7780347956279728,0.5577393298859417,-2.578697908448329,2.4032244592340977,0.17353934126902776,1,1
0.7710184171155435,-0.4089795987867826,-1.9514541229679339,-1.9864568055017937,-0.03763396689400575,0,0
-0.5903199458679914,-0.8830488666340363,-2.5972529693391815,1.997807708506798,1.191606410611518,1,1
0.4838874277286087,0.7289837276356459,-1.7095901528704625,-2.2886778079451022,0.8820529724406551,0,0
0.9468105086921975,-0.1910696727375397,-2.612018369583543,2.3969038954280366,-0.3363783397418265,1,1
0.9943744617300109,-0.31649759832477653,1.6601817458370638,-2.030769556270343,-0.9236486979044151,1,1
0.5155458786208583,-0.8523424911327326,2.5388980750006342,-1.8458083018306466,0.20678169545914582,1,1
0.388780224479084,-0.8680924162687078,1.871972315328663,-2.096167988075967,-0.9452081571648087,1,1
1.0238886175286608,0.08813441338857385,1.7411897420492504,2.039796855320926,-1.0776672665977234,0,0
-0.48932221715718643,0.8976056023012771,-2.3158909811213615,1.7554107424896033,-0.3857470446819101,1,1
-0.15587309971546529,-0.9887738031336498,-2.2717575551410736,-1.6864054562236594,-0.47104493565906014,0,0
0.9425671486088939,-0.1430018654603615,-2.219437745114419,2.021980477991278,-1.3160594724482815,1,1
-0.7328220977590877,-0.8524424427356244,-2.324116060933485,-2.2753474983692556,0.9675339184374769,0,0
-0.5164867851584247,-0.9114361986150226,-2.1361695195043118,2.119154915164277,-0.13805769212172878,1,1
-0.7055959437625481,-0.5659983140228095,-2.777606129902437,-2.310897173376908,1.4097376874842806,0,0
0.9403029473260945,-0.24802138896796777,-1.9346580075405315,1.968953594008067,0.2780558916832042,1,1
0.8976067227195527,-0.050857823982143925,-1.8047220094234835,-2.3406521180967683,-0.8311617038645744,0,0
-0.9841322875865128,0.21208330472259512,-1.6648664598818734,-2.679731329467763,0.43760897990756503,0,0
-0.7742275627548821,0.5789729942488143,2.3563257439262646,2.443222165248244,-0.3460282419802652,0,0
-0.8494985983492697,-0.4783408176644262,-1.8972572134564154,-2.7846421835183444,-0.21877190640045055,0,0
-0.5314400629576432,0.8318698675881431,-2.1176881583727747,1.6456143294193333,-0.08558087447717573,1,1
-0.922528559929021,0.3467535182898277,-2.338608506748783,-2.481914035799565,0.12576263632746634,0,0
0.7682510296758313,0.7708019796825126,-1.9380435663131816,2.088315349317904,0.8040787776984578,1,1
0.9369573538033943,-0.4984141319776389,-2.3406599589026658,-2.531562123747162,0.017895206041602,0,0
0.9563521051901039,-0.1527268958568854,-2.5142726650756004,2.597089365537021,-1.4643823833372862,0,0
0.4483540680745211,-0.7681414353710586,-1.8649945106096606,1.954362074893274,-0.3850244461881748,1,1
1.0858991982943298,-0.18442378228843734,2.1088477951338094,2.622137934126378,0.6272733801640512,0,0
0.49262120506801815,-0.895165360917275,2.072296625228567,2.058225860789557,-0.6085424361375937,0,0
-1.027735907934884,0.03761551666419614,-2.4130537750937453,2.0215780519767317,0.8179662959170797,1,1
-0.6981733263738883,0.7339453696175644,1.9548296696153786,2.322330895038228,-0.11833930859439364,0,0
-0.9340717722327825,0.39277541036955343,-3.0605767550625282,2.06501549994459,0.43618414553933527,1,1
-0.25955176251672385,1.0716775413401958,-2.402575982458894,-2.05160155820238,0.9695802973103679,0,0
1.0265310247299722,0.29157351878765797,-2.0921355244201365,2.3538690375264664,0.7796069085089196,1,1
-0.6140408638762486,0.7275128883530139,-2.3587934523247713,-2.0220594915885517,0.14291139978955195,0,0
-0.7913374905455198,-0.6716799271548232,2.1580784254704724,-1.6210675817911293,-0.23755183322105344,1,1
-0.2985972258149727,0.9754824396767297,2.8126079495027887,2.357680837815569,1.296060972384241,1,1
1.0292069726873088,0.08836501571048758,-1.9119824275705808,1.728337137333156,-0.38013157530767117,1,1
0.303734983087977,-0.8838385307553639,-2.5574028042196657,2.300611356018857,0.728663141558951,1,1
-0.5420974493331434,-0.6835104815672474,2.5248706472880396,-1.7747629574950095,0.856686126392425,1,1
0.41582438445431674,0.9566463330721907,2.4626201267046,2.836390223824372,0.6666698327825888,0,0
0.7735985624034248,-0.596469454561746,-2.3981527562088756,-2.11978088716289,0.22996860145168355,0,0
0.3455457610057634,-0.9042614741418352,2.7567309534978226,-2.403822602156433,-0.1452834927651635,1,1
0.5267414016436546,0.8641478441352917,-2.5724614385602234,-1.9373528751185776,-1.2424833470615329,0,0
0.9205727637766781,0.08965216896833522,2.7003236549996257,-2.1977834043370703,-1.7388117219650914,0,0
0.36048774512596493,0.830548798493334,-1.8644698910784305,2.5286640064307138,0.6147304549029482,1,1
0.3834604430045046,-0.9318593979150475,2.691980311826331,1.6606162511325149,0.28696237277768777,0,0
0.9954851510776018,0.09623687486753729,2.221785388509506,2.0045830848752546,-0.1081558365496065,0,0
-0.9799972721206262,0.29656426750596726,-2.1668722886752905,-1.9647271003868212,1.7591787322474748,1,1
0.30507540883277817,0.9311302104020328,2.30871026798698,2.253583915102553,2.529188069318396,1,1
0.8409975996390304,0.5020351197543124,-2.5573104594717524,-2.5532790795120253,-0.9899040282147091,0,0
-0.05333167932493799,0.9639851051668304,2.12500314703996,2.9049886351840355,-1.0266524476462389,0,0
0.6992676573225635,0.741237782915155,2.568615860498558,-1.6576692442739538,1.389948700456723,1,1
-1.0228538430396292,-0.09180165933012664,-2.4014274872615204,-1.884273851011701,-0.3632314720910331,0,0
-0.8407066702511132,0.6521170116380023,-1.8903215852861623,-2.185907604164841,-1.556584931681875,0,0
0.23697189944962438,1.0181325537704224,-2.2313076880507503,2.0203898799599807,0.8545457034377848,1,1
-0.9933143426502832,0.03263672661415551,-2.0991318939691683,-1.967699985152619,0.4272765524589423,0,0
0.6146872572792084,0.8816911133016206,-2.1217736137962158,2.1136646454934493,-0.3955333671577339,1,1
-0.9557916979844371,0.14354893885012235,2.082692672404765,2.5129171980067095,-0.14181836125938846,0,0
-0.8039015716002336,-0.5655593100287732,2.407210487946334,1.8853382191972363,-0.3247113404309276,0,0
0.5647319849473305,-0.7589736310222571,2.070050738096424,-2.2437765005666472,-0.8838263820309135,1,1
0.8569904837049133,0.5337245091052361,-1.9451828763166912,-2.40312959181921,0.3829855352625862,0,0
-0.8081992393884279,-0.44321325843193055,-1.4787408429490738,2.5133380279160855,-0.018675276758403865,1,1
0.6933454089832972,-0.6455876626389927,2.646289497139333,1.993092230926858,-1.5439478455628017,0,0
-0.9458153736322852,-0.23504797348117173,-2.4177425292566332,3.0010417330794237,0.8575007062939244,1,1
-0.9814230906556364,0.3518516306947186,1.872643816076527,2.6058601774862504,-0.6591435285441449,0,0
0.37261774850705337,0.9715061962691707,-2.495419716371554,-2.3389248114602856,1.348385203960784,1,1
0.06775474434348167,-0.9266174338049227,-2.2852993772651176,-1.9535260249727853,-0.7731409936468591,0,0
-0.05343329121323632,-0.9906399301850322,-2.150828444889772,-2.1130242575066887,-0.08839140944403384,0,0
0.7393607477389851,0.6543674583969465,1.92283083438302,-2.129217810630774,-1.1310874950671002,1,1
0.5353076675899848,-0.8947347976833989,1.4507370185061907,-1.7619018606378978,0.04146834989192291,1,1
-0.9880280830892137,-0.07956827127252086,2.3888232906674998,2.6423356750702767,-0.13319728437796421,0,0
0.9527989763979928,-0.1335302839079537,2.340734234880605,2.1794535318428125,-0.31560191062649645,0,0
0.8962893761651097,-0.37629877574128695,2.153843313872893,2.250924473466822,-0.232162538305341,0,0
-1.0547946048915369,-0.639393989621599,-2.0270958160430195,-1.9777484857175323,-0.34619874486885993,0,0
0.6959161137197435,0.6675998912064994,2.2162874352089257,2.688491384494998,1.074092801543019,0,0
0.9658700372872084,-0.34000276323722034,-1.677809765395169,1.7199819444973552,-0.27354332163727935,1,1
0.07568283144469937,-0.9655487706824492,2.170795289257771,2.3645353045353317,0.5280014845288808,0,0
0.7784465253871194,-0.6983425314155282,-2.293836417812666,2.24880252614863,1.0687030621165254,1,1
0.9308878451463051,0.3797110229368586,-2.2880284722454296,1.795719835975731,0.7987429037709146,1,1
0.15375612279933593,-0.9923159851538341,-2.1210367796206557,1.8647932829090812,1.1529289920362145,1,1
0.653678162309803,-0.8608373577898911,1.8556879084369697,2.0748474281512954,-1.5212903213221713,0,0
-0.5133246993143852,-0.8101288415029807,-2.5108533432861395,-2.093370809165801,-1.2596751357851794,0,0
-0.7907224219533461,-0.57149062198036,-2.4972310461614406,1.5221284000163586,-1.7616870110942944,0,0
0.8155987822207641,-0.7675771650314878,2.7544348151604114,-2.393830030120691,1.243663170249862,1,1
-0.9414339494006974,0.05996088556950615,2.278271603837159,-2.1028148303341885,-0.6342350930348882,1,1
-1.028214165740055,0.23894157111934164,-2.0192673820742852,-2.183245833128193,1.2972576596785874,1,1
-0.8080878343095165,-0.44506930687043655,2.0556376407964567,-2.599048767077271,1.4729179683690141,1,1
0.8097750945790954,0.6881539209982575,2.5614651629702148,2.645186460985794,0.9963518773897286,0,0
0.5943899415004164,0.8252784084743306,-2.439928643211096,-2.0195328375254884,0.07201997139981117,0,0
-0.1382888562295652,0.967157068466659,-2.2279815345128684,2.2047801446509965,-0.8636255126412079,1,1
0.8527394813323822,-0.4734245687321178,-2.0530123622669207,2.305196695875657,1.6402456020636125,1,1
0.3207324144756022,0.8941159055832332,-2.0732768849809795,2.456512405331146,0.04606058907170388,1,1
-0.35271458101526776,-0.8869281025956726,2.3525420959188703,-2.0774017919351127,0.8784330572658883,1,1
1.0214612708623074,-0.2558882608467336,1.857921736252242,2.4598280577532305,-1.3557741191855688,0,0
-0.9068382808302327,0.30655281197201073,-2.6476908205241627,-2.308442814288558,1.5466237292350145,1,1
-0.5619527429233734,-0.8333263202911604,1.9620109131259882,2.7228121876161593,-0.680909792188498,0,0
-0.44680671892488055,0.8518244803711031,-2.7631812415958565,2.39268771086421,1.025046985310629,1,1
-0.8825022525007282,0.2840140646848367,-1.9790305356872624,-2.1152801655883744,0.4084020833500543,0,0
0.9457003935380878,0.012485886067323228,-2.2052402038161887,1.9316586328646526,0.9503563501600955,1,1
-1.0358587099857304,-0.14109287296467496,2.46760867057794,2.2601607248974744,-1.8170352054597547,0,0
0.9651302184144781,0.35564872859470464,2.50667124267867,-2.184957609959715,0.5576412427034777,1,1
0.2642984332006045,0.91343738511111,1.299003169150764,-2.4675086969250843,1.8938735675383378,1,1
0.30145155263356554,0.9665168184622497,-2.562642868366232,2.265603098648876,0.10621572013658086,1,1
-0.5942278472732899,-0.6785666496046835,-1.9559503562692884,2.2948192476914184,-0.3949109289660494,1,1
0.47947126637088416,-0.9576435169548602,2.6364476655571143,-1.9151618516759796,-0.23763994338204364,1,1
0.23631804969463957,1.018338131275009,2.0648760220507656,2.0450363846107398,-1.987541720120584,0,0
0.3260040102934764,0.9241102331792082,1.9989687887140961,-2.711594083416312,-0.8658896254199635,1,1
-0.5135147542218635,-0.9683832401584143,2.110223604532068,1.345953311998612,-0.14143747427834918,0,0
-0.8927393388821809,0.3032074681989188,2.1987461871729996,2.206092749559936,0.4169832726665943,0,0
0.45257351356474873,0.8432635239474573,2.2822390692871597,-1.854551582075314,-0.7117883386096183,1,1
-0.5298491231542148,-0.8558492629610549,-1.972007538679114,-1.9116735756250207,-0.6793056832402459,0,0
0.4694057714679395,0.7200028614225925,-2.4974609476553846,-2.4346932198626754,-0.8546329504421866,0,0
-0.23731070080709066,0.9506367706245719,-2.7287326981044373,3.180305432320811,0.37658684982428003,1,1
-0.766767223714737,0.5237639604067569,1.9964783218687239,-2.0028020926748162,-2.531432641290106,0,0
0.7151543198871277,-0.7036460944569309,3.23286458604212,1.907912960733705,1.1101236175850464,1,1
-0.724220414282165,0.6389676592848451,2.513050409138624,2.3888576779976525,-0.8480408837457072,0,0
0.37332763814460423,0.8992299413672317,-2.694116774617345,-2.104746112484481,0.25534328329023853,0,0
-0.8740241431272124,0.24380765312348748,-1.6764565504662456,-2.1146849259281573,-1.5565722912589612,0,0
-0.864440864862194,0.13014717931001704,2.55001895510609,2.193594469078405,-0.49586806000187866,0,0
-1.0233733343947424,-0.09615666706743348,2.56252020999763,-1.0567281955543586,1.3831015850624826,1,1
-0.7053948844538018,-0.8614320628266252,2.2444944837912497,-2.057324921408747,1.4327412656826064,1,1
0.734299448651012,0.4222679307366668,-1.4657306580288465,2.0494075990568366,1.4147619301775476,1,1
-0.3980170928198229,-0.9254921700023122,-2.139302768121968,-2.317816728870832,1.6904444802876357,1,1
-0.9422899454811874,-0.4427567362387168,-1.2250699491325898,-2.076757568170359,-0.4911955827829299,0,0
0.1372295652105716,0.9911186239280725,2.5944455167491833,-2.2539020108748042,1.1424433491772392,1,1
-0.6666439554190712,0.776997552418629,2.0563508239767834,1.874639848059637,-0.2296467932008125,0,0
0.24195591769238997,-0.9560976418346657,2.069773006267336,-2.0580549245888355,0.3796405870396445,1,1
-0.2122394971530562,-1.005245328696728,2.068356896494554,1.6884479570248463,-1.1173963932373105,0,0
0.978935399957414,0.14563468912277888,-2.291419941658649,2.3073019839158744,-0.8896217328987641,1,1
0.07483633086959204,1.068682631005597,-1.7277646750247444,-2.232953259373113,-1.0602894796579634,0,0
0.24651919324691424,0.9634728679451142,2.028011398414359,2.1905592335315967,0.20796027937168432,0,0
-0.36184073524969673,1.0537502437199953,2.1044546805113886,2.45157197977373,1.4510594158561734,0,0
1.0315569981737114,-0.022252800550811747,2.6293612542515867,2.1661913195377855,0.8472496874969613,1,1
-0.6585019557113833,0.6595578436986934,-2.575907797240316,2.3162882617549108,0.11066251417191182,1,1
0.49878981141202217,-0.883562507849349,1.7117044852772265,-2.54640578650299,0.922485708936007,1,1
0.6042517457772404,-0.7486768046698153,1.9623852822254972,-2.1132562404300987,0.24990754251755554,1,1
0.450811738292142,0.8077631261876979,1.8882593341941472,-2.3362136683203523,-0.219310359784536,1,1
-0.8066207136366166,-0.3596413167296194,2.0792847684825504,-2.775357090718021,-0.9657685948958412,0,0
0.8920406708656142,0.4909350920287485,2.5236806374676863,-2.021511297958529,-1.3856196142405641,1,1
-0.42077910039921523,-0.8869391234001088,-2.4226069429650483,2.252161445227733,0.3802502691814361,1,1
-0.9941099274113195,0.4158123549100687,-2.699841794749481,2.4607224598987316,-1.9401420696565923,0,1
0.7296803305608291,0.627453115440548,2.4140371686343003,-2.6493176909939242,-0.21480225424368415,1,1
0.8149934926292514,0.37282450103523923,-1.991781188273905,1.4584951652815086,0.9011046379570811,1,1
-0.8688455530247944,-0.13693883231121526,2.405487191464638,-2.034520960276483,0.9861227258979758,1,1
0.9324333925895626,-0.37357146214643905,-1.910422172287608,2.3610704800065734,0.6343325804588231,1,1
-0.027303488174871986,0.9502758111903392,-1.766949325267068,1.715651989853562,0.45573408403911525,1,1
-0.4787631339544289,0.7729392866894448,2.4594511710507008,-2.03998719664777,-0.8040332781289217,1,1
0.9035109128976437,-0.4728403917208486,-2.262647452954179,1.4243867352679946,1.2127368335554174,1,1
-0.9134036146955956,-0.029232434553102198,-2.5999679704368,1.8423446964256665,1.3116130573824172,1,1
0.9549761089819715,-0.1523990894085088,-2.2283828850584455,-1.961117442501478,0.5102847793800794,0,0
0.2934904967665948,-0.9939438497671143,-2.3356174702185024,-2.4689463629738837,-1.5301956046333212,0,1
1.0104748641021402,0.0766125101546833,-2.177422078957651,2.813909176441518,-0.25069688894147085,1,1
0.05436888097565705,1.0357415817507611,-2.2568961892678367,-2.1189448376140976,0.5270641848797134,0,0
-0.9260907651999701,0.4648674455558146,-1.9581769047727577,-2.3597513205891096,1.0438323775886458,1,1
-0.17586708401899726,-1.04280287333214,-2.0246186552558143,-1.8617208316756013,0.3221147502022283,0,0
0.8772472535866843,-0.5574362647836759,-2.248872655697088,-1.630486822494307,-0.5150438745230347,0,0
0.7133878947188644,-0.6627574729048985,2.8264601943995267,-1.7490078163272413,-0.6028547569115971,1,1
-0.4635063789473663,0.8339649402868163,2.192339249701281,1.564043730951689,-0.011801058802003068,0,0
0.566905952800995,0.8803706494622149,2.026011810916732,-2.330005834493626,-0.11059640756362353,1,1
0.5118063568075024,-0.8843012892315288,2.047499870305496,1.9184356368798687,1.416472338048487,1,1
0.5725562907694982,-0.7921081493395086,-2.1990147031293676,2.8036113690735203,-0.43453519599308005,1,1
-0.2712650663257545,-1.027459292145885,-2.658661196574335,-2.0547670564897524,0.3167815300041861,0,0
0.03319632096273834,-1.1455951840105023,2.3457743962661413,-2.712580721476229,1.3312348871879296,1,1
0.6737489547587809,0.6567283430076405,2.5626143391327134,-2.2387635208557786,-2.2282803924184,0,0
-0.8251367616506206,0.4668359603426623,2.236858395845261,-2.389476751484202,-0.526780071841277,1,1
-0.45649321322052855,-1.0816167282858782,-1.6803793525817383,-2.7238634599816267,-0.8849002290568146,0,0
-0.7784471664436834,0.48322868013555537,2.274793468961909,-2.4091250708510343,-1.1994670033008261,0,0
0.18836034544535826,-0.9399997815991811,2.182994742923611,2.5059043205994187,1.1322665890918746,1,1
-0.3919373885959653,-0.9751992750565319,2.2796882644254897,-1.6028503706711583,0.6606491200883527,1,1
-0.45420640791093,0.7390844054931408,3.0605727930069637,-1.7976170436030778,-1.4222810879302923,0,0
0.37923103062618735,0.9513289169676106,2.3148403815572824,2.146710307903787,-1.0143383971858944,0,0
0.20024689170345666,0.9686831899209353,-2.1239789782254124,2.2582058616375824,-1.0656893816924884,1,1
0.5946237930216095,0.92790924874752,-2.682297961664642,-2.4043605427484827,-0.39275840156556335,0,0
-1.0096477583028494,-0.16435555370579663,-1.9068659779232997,2.1308819527069995,-1.1739047022579505,1,1
-0.7211520373794282,-0.3957234102592076,2.630238140656398,-1.8350419642964542,-1.4791461781439794,0,0
-0.8655565581163138,0.42515899086562187,-2.182977389851594,-2.9561190210592194,-0.3807149995133248,0,0
-0.9576795722722966,0.19774276003766536,2.3362232530795386,-2.383677399505044,-1.5226851255288438,1,1
0.9907607013989875,-0.1948281193758024,2.18880321615782,2.769209479142753,-0.6917788092275495,0,0
-0.8297777358549088,0.3301430911004307,1.968864062833262,-2.2086020594180953,0.5075035529991394,1,1
-0.48258960192061,0.9189923712849037,2.3516283969250327,1.6049299570711164,0.8368356647802937,0,0
0.6799394754000226,0.7471324673872843,2.0388698829707192,-2.05698278335806,1.1787051593510958,1,1
-0.41646626606799775,-0.9492583801632825,-2.1872312063761896,2.066111360982044,-0.3502721724501119,1,1
-0.07087445280888083,-1.0190234722835376,2.406483018501781,1.6000007177554547,0.06319142607253245,0,0
0.3616332609156207,-0.9859040417946952,2.5377081531091363,-2.483686052082045,0.6566409717199665,1,1
0.5269533395320334,0.9267311278987342,-2.417922551551696,2.226165452870397,1.9197904966235992,1,1
0.09769251149295977,-0.9696948058554784,2.7268629645092233,2.2080477501179216,-0.6430159056228325,0,0
-1.011418191598859,0.14441190582709154,2.1815225906674436,-2.3440258717059517,-0.09341565396176486,1,1
0.8392816711796238,0.3254258596291915,-1.6809503899353393,2.2427404283553156,1.0171210313767778,1,1
0.3011606636801269,-0.9689490421236763,-2.723802643384649,-1.9663807391057198,3.0912906584684725,1,1
-0.691133573233332,-0.8221751932985275,-2.3382370647573487,2.4500098844910374,0.6795317667440219,1,1
0.17428088117414628,1.0419448317705642,-2.5152961809466268,2.129335174177457,0.5371460462477188,1,1
0.1342230234362162,0.9558571834221778,2.057269332760381,2.2452891947514444,-0.6446894440408426,0,0
-1.0381174349774218,0.17928858345994936,2.303278149552041,2.5081598188531444,1.0925899092790876,1,1
-0.9929593545103406,0.15100974238615378,-2.389159027789609,-2.159021503013362,-0.6034893761217522,0,0
0.6761912658393691,-0.48494522100683973,1.7199150623235622,2.8779068357794206,0.4184065108064604,0,0
-0.5878257189832781,-0.7889265643478186,2.289533973128913,2.252941306335385,0.002824741944983286,0,0
0.27318045089278603,-0.8763088523887692,1.865987310437955,2.1312479759106857,-1.0421510040250601,0,0
-0.9230281506511249,0.4048392812335828,-2.0028932203878287,2.3711474423556624,-0.44746349577235434,1,1
0.0002089155818940265,-0.9686645694597916,2.7355438876346554,1.9623812896315498,0.4412193835317119,0,0
-0.38021744373711963,-0.8083185248522679,-1.8021653611324284,-2.3306671072783525,1.8169861669653522,1,1
-0.7970681070104627,-0.7677305800967009,-1.8693130347110687,-2.891142400566608,0.5138980344481089,0,0
0.9056476826468849,0.4397962356082823,1.9640387755782749,2.5952966642232735,-0.2013900763741243,0,0
0.9145461227675244,-0.25686491581134907,2.6647195168599045,2.078184398787255,0.2064328220343636,0,1
-0.28909939447883104,-0.870290298053228,1.543095617444983,2.4612929478949725,-0.7844828559746887,0,0
0.7831877672055534,0.7043951864398281,-2.4048410946578467,-2.479564669821792,0.6911779216374707,0,0
-0.841405825514418,-0.6210696893625071,-1.7793574361619955,1.5836486711661935,0.9794445798058055,1,1
-0.6590619316187952,0.6616528336380958,1.8579607071950928,-2.3687249305588787,-2.209778451003213,0,0
-0.5717069909703154,-0.8186614962820518,1.6527390075070247,1.8037730546232944,-0.5094142653201155,0,0
0.26521655986449133,-0.9315518143276362,2.7430709305303322,-2.0217258941732967,0.06330702949497105,1,1
0.23426101495968887,1.0277358894202802,-2.864706484634297,2.5158232075474154,0.6817344551093953,1,1
-0.5806333978270363,0.8391141203482642,2.5512899559111712,-2.4518056139142317,-0.9427668479278676,1,1
-0.7331820535404326,-0.6864509067341128,-2.183672395003505,-2.4511254130942453,0.17178799687145788,0,0
-0.6778771960281205,0.8081728247389484,-2.1516969692397865,-1.702053966626142,1.0812786754094228,1,1
-0.8778482298738934,0.6991967826556204,2.713310207326656,2.2368941433029566,-0.3664793428587448,0,0
1.050420945129014,-0.10903058873159253,-2.236955395668265,-2.055130512143842,0.9731748837756891,0,0
1.0253186421476204,-0.2682333587007644,-2.216435565156825,2.111841570594012,1.7230980438915313,1,1
-0.9053822423575489,-0.3757718837445419,-2.0997605317981636,1.9970964724348306,-2.583034809573502,0,0
1.014328577904331,-0.03413977998891426,-1.5211016218334112,2.388311016603033,0.5485038795469587,1,1
-0.4698825657598559,-0.8532250013013104,1.8651420276645634,2.620958580108383,-1.8466468272980854,0,0
-1.041293458536083,-0.3956481493838051,-1.6994748914319966,-2.4081164454047332,-1.1210270026009503,0,0
-0.41232810605588854,0.7802684689633974,-2.22049838487692,1.9259065351501694,1.221468489279175,1,1
-0.13343264491197102,0.9573995934883713,-1.6725937493492544,-2.3934625654603554,-0.6721765176556921,0,0
-0.7059312959179597,-0.7196038516370755,1.8278588142888614,2.206165346782002,0.6644287245359426,0,0
-0.3842154889925404,1.0454875525702618,-2.5329029817377746,-2.656338584735398,0.5082905929919141,0,0
-0.8948179655263901,-0.3892577806992238,-1.8392453574267267,1.721962209245564,0.20315237370960715,1,1
0.42099545418449,-0.9614735950097312,1.959109867710442,-2.2823905784215563,1.0975056898921014,1,1
1.0062257363307423,-0.04868657842540756,-2.380217807224775,-2.2767075049644196,-0.7559219958290962,0,0
-1.0232312543646807,-0.07778386693091792,-2.399165728806748,-2.2537615618518454,0.857034616302058,1,1
0.8974840853653763,0.15481589646097377,-1.9901632101203375,2.204710211908385,-1.2314165786175764,0,0
-0.3433359142312799,0.9927874993152599,2.591979089797281,2.0962146905903016,-1.3363098197720282,0,0
0.9672612705599553,0.42753554439269814,-2.5687955480551996,-2.420577623378595,-0.4382163550677986,0,0
-0.10006642190125578,-0.982874446478131,-1.812437935046825,2.2561590303681447,0.7144038333103606,1,1
0.7306367360469652,0.5848936731793992,2.391117072415186,2.1660772685941607,-0.9095975760215332,0,0
0.9925362852019551,0.3224996421101549,2.0410496386998416,2.4301925768411707,-0.32739199128922425,0,0
0.9249358039904207,0.2934492999175143,-2.4425341505596503,-1.8081681240835485,-0.6388138249243235,0,0
0.7432287961175615,-0.6672892099044762,2.1151452589156046,-1.9612858738081984,-0.2324749422859745,1,0
-0.2680467480970574,1.0178688391377357,-1.9274013369603606,-2.2290367051659556,-0.42887019706791085,0,0
-0.9708706935413234,0.39122999641806466,-2.5867514318076377,-2.4887729715074074,1.183688661347415,1,1
-0.8259900516312493,0.49082424309995737,1.5865666564992358,2.4845255235933026,1.3204864295479486,1,1
1.117426184636579,0.13154085515113365,-2.76690581501509,2.021368234025174,-0.5582574212226872,1,1
0.4444672750003641,0.778178595240422,1.7500796466174444,-2.540960500832324,0.935989643866893,1,1
0.814219257378239,-0.5478534181505352,2.033551956892183,-2.681604931424183,0.1701656913357347,1,1
-1.0543271750995895,0.1574024612943623,2.116513664324473,-2.1568543961794333,0.8104860561749058,1,1
0.8597737138572771,-0.18370676490691623,-2.3649401844782316,-2.3366261266933215,-0.23068026304940367,0,0
-0.6643462771049422,0.8197617142556705,2.0955349300332116,2.1711772734120482,0.0431038398458821,0,0
0.4247847262913603,0.977108694073516,-1.5344953539217143,-2.1504800987791968,-1.021681627058406,0,0
0.5332330885276213,0.6799331082584168,-2.1604811194365183,-2.3560936112400097,1.7298207526480163,0,0
0.8688707864718785,0.4392199759981435,2.1160746412147837,2.1340069655865688,-0.8801223025800444,0,0
0.9027824755725109,-0.3030997453975788,-2.3618772061333506,2.5653289746909556,-1.5545008082197918,0,0
-0.25481916857977305,0.9096906352507595,-2.11699447223393,-2.320377731070689,-0.24614580569847191,0,0
0.9868104769605959,-0.0006969630267607396,2.147015530774311,2.212588676747937,-0.6588198592731273,0,0
-0.8947285813862834,0.4168868219068788,-1.2793888575951293,-2.7070807006200974,-2.4739751770531275,0,0
0.4209451904899469,0.9906776435626913,-2.1018802922812494,-2.155228456208293,0.8821885708529206,0,0
-0.41544317995909785,0.8299533005395712,-2.4466282797390897,2.4521006798128577,0.800129730294428,1,1
0.591544061790404,0.8480341956819591,-2.304502608594672,2.313629962440341,0.9695867677157768,1,1
-0.616898276355558,-0.8250654989205459,-2.3304108699070154,2.417657944572694,1.2122585065698825,1,1
0.8750257789013722,-0.3399904922931146,-2.641994511405949,1.9997629740663223,-0.9605160381132891,1,1
-0.22806639504926582,-0.9470457090285398,-1.87160289806889,-2.6691096239470853,-0.4707512321563704,0,0
0.4878009272994228,-0.8650364390965133,-1.6390510814965848,2.413581735279056,-0.5781770248602996,1,1
-1.004883435939761,0.3836628111045197,1.8408031771719695,1.8745229723117576,1.3231679963029293,0,0
0.13284321224261963,-1.0034564049718522,2.119528607797097,-2.2120181446060796,0.7832332137928494,1,1
0.2761557117148639,0.9338998590310632,2.9666579631441383,-1.7307827939446914,-0.9330764708484772,1,1
-1.0338009620938713,0.13769306949274024,-1.8934958249816471,-2.201796409266348,0.6666900714388072,0,0
1.0302184416113653,0.03324459349967712,1.9272127615847614,-1.8356558067337663,-0.5092093478872816,1,1
0.3348158220865228,0.9948355667928894,-2.8137741836589742,-3.2233096207425005,0.10004358471570761,0,0
-0.13163548547541554,-0.9336453064124033,-2.5354463023953246,2.198285477520509,0.9718426745156825,1,1
-0.40774109263841124,-0.9325526708684332,-2.0635985813716875,-1.999964550751314,0.7415100036459726,0,0
-0.5461810081240666,-0.7445640295981303,-2.5691758651186314,-1.5400676810330964,-1.3980293292457107,0,0
0.008176596568310272,-1.1734321039393185,-2.801897537570315,2.3047425839542828,1.2407585339729936,1,1
-1.0359285827193865,-0.33854543588458313,-2.7609287932130595,1.9148861882164983,0.42989839522689394,1,1
1.1071992862678997,0.13268375391584847,-1.683981587154721,-2.3725007301996035,0.9894771029763194,0,0
-0.4833016391334475,-0.7446240222224916,1.4917670948229418,2.454688370315321,-1.3261946911896345,0,0
-0.16041530569028642,0.9209204721272383,-2.1979570878418047,2.1576859494800376,-0.8805107448082613,1,1
-0.7389722008644016,0.7314731669144444,-2.111963696152018,-2.071099221521704,0.033294718759281694,0,0
-1.0518913464844906,-0.12187128086151339,-2.2746984685616405,2.178487697324565,-0.2673453951863101,1,1
-0.26342666792965286,0.9228868254488418,-2.4042293872949565,1.8178839016059904,-1.7708940235797315,0,0
0.546053454737844,-0.8130392017924923,-1.9201977613236019,2.3538254035600046,-0.14665754973203227,1,1
-0.6714453953330539,0.632906544324565,2.2881079852559574,2.613196582598866,0.4308196073723689,0,1
0.4961230511425658,-0.9197156192411294,1.9772678193972488,2.5439400233974316,-0.7262250908714563,0,0
-0.19538868682048,1.035285889692533,2.2900014685239363,-2.328769553630444,-0.04470711235208433,1,1
-1.0220439420188732,0.12212485855086748,1.634864655512807,1.9771800313496701,0.697820523895239,0,0
-0.8211246637864005,0.6242956235376224,3.102952017506739,1.8748614552474718,-0.4972200215001634,0,0
-0.2971632528866666,0.6572505479544022,2.7255684424488855,-2.4116774765111635,1.5437871900543032,1,1
-0.8973675647178451,-0.45816808031394707,2.749978485108151,2.005249424251751,1.2014577825053558,1,1
-0.7944612782509427,0.27553935110134936,-2.0700492090201306,-1.7813492937554531,0.849630131597766,0,0
-1.0494639634914735,0.20023617492631865,-2.7078645348626758,-2.690761357445111,0.1215998609471847,0,0
0.07307807721858348,-1.0015895281812233,1.9274194203019042,2.509856767489458,-0.8429643134208832,0,0
-0.25061714330890916,-0.9539654572279629,-2.234104948950637,-2.567584394268528,0.5544950337486685,0,0
0.8916229515615146,0.037654723960210135,2.156007118683015,1.9902823353888133,-0.8142896783669454,0,0
-0.12270516336833234,0.98288994362673,-2.1511621585324434,-2.0275378331820764,0.09850178289034651,0,0
-0.07700007352205773,-1.046268824506986,-2.251022768911339,-1.7107296746948895,0.7317809599125418,0,0
-0.2788855865104952,-0.9167970025811251,-2.6978850051658405,1.9740226029335617,0.17815254264591573,1,1
0.8062382945836835,0.4824173720374929,2.0532176802421125,-2.6999218807035885,0.8096307302195745,1,1
0.9772540687048296,-0.4097860817975634,2.4830139070789845,2.6156585759364424,1.1624314402391893,0,0
-0.3350252848534126,0.848098878603235,2.5085581072637573,1.633093907222449,-1.0163976965002381,0,0
0.8423292012593269,0.464476604912648,-1.6111936472272759,-2.232665378342833,-0.3604283722827249,0,0
1.0125088751536047,0.3111678932217013,2.346243398615183,2.407956671478115,-0.24300841103952953,0,0
0.8939208856845076,0.3646365134933233,2.603167475793639,-2.8349805342225958,0.990899828938885,1,1
0.25471204053480756,0.8981769201391218,-2.248619992445164,1.3056087421030949,0.8065817007033814,1,1
-0.02603879216923481,-0.9679607425056569,2.7166252910913795,-2.3494260785532033,1.8178127676699314,1,1
-0.6208009932223315,0.8233940995840474,2.7489221920856046,-1.973178637813247,0.7137719744914893,1,1
0.966365113759006,0.1817301442722995,2.284386178442354,2.706017569892318,0.3136270432516549,0,0
0.7542729917958001,-0.624644256337198,2.721825333131858,-2.6369561000304538,1.4212071437053442,1,1
-0.5850005524446606,-0.7344103934894641,2.0572282770831705,2.3589555087653022,1.4033121449807056,1,1
-0.39617388155826394,-0.8899474391364671,-2.133781780971767,-1.7800526278399986,-1.9815171892780246,0,0
-0.7307114489977243,-0.6924782098248142,-1.8941904331067534,-3.0115404431470574,0.5518039774400862,0,0
-0.25650918624544006,0.8870877807678441,-2.3733950924154223,2.5802907770089143,-0.06629614532943609,1,1
-0.37794435978197843,1.056812931873834,2.211480760477582,2.1600258523768354,1.386560776003869,0,0
0.390012903246454,-0.9872047415804476,-2.5835262556883487,-1.9722795362624286,-0.40207796563971665,0,0
-0.41809568753394843,0.9413065247186267,-2.367644574771052,1.7248694616458506,1.6791027076131027,1,1
0.8692804491481102,-0.5633460358537665,2.382862904428635,1.7192133142136903,0.45068298066755436,0,0
0.8866510217244402,0.14969100923676762,1.899511769114994,2.007794528925192,1.2429432141606938,0,0
-0.7340016461421635,0.698111239845405,-2.076078263586249,1.811697172859559,1.8966256259389136,1,1
0.07928730116855853,-1.0520829678316896,-2.1237210912580755,2.443287477099223,0.35735472260312895,1,1
0.12299552139267536,-1.012277699685812,1.9066018050544846,-2.5140098395479873,0.7835397121423457,1,1
1.0513157122400052,0.1494242337296828,-1.8751120207866454,-1.8616884205352706,-1.447495360759996,0,0
-0.2944777302764332,0.9457905213946982,-2.6469378835623885,2.1437489269169983,0.3117372767697247,1,1
-0.8914403263619406,0.5099118040620706,-1.4861193499930088,2.2037024094984576,0.6497490930238459,1,1
-0.06432208105884067,1.0391621589059115,2.2289327687715947,-1.8503211112703208,1.5375110133838856,1,1
-0.4298778494121849,0.956799266792744,2.1911140743667517,1.9794311430526028,-1.5590383337652323,0,0
-0.06970453674798555,1.0325869307984878,-1.875859492254967,1.7091162138232507,-1.0690730779155637,1,1
-0.9353889116102055,0.3547388518712316,-1.7194068236997393,2.853893550778214,-0.22837521788174417,1,1
-0.8077432578536228,-0.5760977034743197,2.321596800735646,2.2961731274961124,-0.18081759458193722,0,0
0.858001431394227,0.5042193984675111,1.8622699547315136,2.0351082373490113,1.9896155251979477,1,1
0.9229051382553879,0.6043405300076589,2.256988726656691,2.2537909504719504,-0.11166898082668522,0,0
0.362667127749217,0.8466635578169671,-2.147250153425752,-1.8666164266649474,0.02346898328495997,0,0
0.7208677921582256,-0.5867059204630722,-2.8728800990941594,2.1843290172748495,-0.8162350954386913,1,1
0.6537431042465787,0.6532867207228226,1.6393408550796105,-2.5209383540978596,0.4642430450499954,1,1
-0.41759016239088703,0.8765804503149194,2.3000154084459967,-2.010896587202148,0.02812659509773576,1,1
0.6791834791617406,0.8084859823409406,-1.896907167302205,2.3010186655548113,1.1038422289062602,1,1
0.48213358601208756,-0.8062609673105879,-1.8459162657941228,-2.1114654781371023,-0.2745325333784681,0,0
0.9070735017667007,0.5395925454839638,1.9001933348150666,-2.32615632126691,1.2459453196332995,1,1
0.1432380538213514,1.0261268300105906,-2.010361958251935,-2.3853525266513493,-0.4348678150912013,0,0
-0.22982767736930543,-1.078382301020805,2.575795816356682,2.233150669951164,-0.6200453321912139,0,0
0.5818789836878636,0.783019056456252,2.7483433207557817,2.427379049315055,-0.24088609866945926,0,0
0.16270329791134058,-1.0154606563905473,1.8737780604493894,2.479346882452158,-0.8925718203613863,0,0
0.2605799747895708,-0.9625087989351168,2.1636057318615056,-2.1899027027880504,-0.11268510109663926,1,1
0.11815726816399003,-1.054713937467911,-2.720855081583131,2.2058275038711,0.8626574945881217,1,1
0.2729197167775494,-0.8399394511998669,-2.3913136815929965,1.761350287211516,0.03853361944989697,1,1
-0.8984518698362373,0.38704316403965905,-2.705068276205678,2.7119948698442196,0.15175754240748074,1,1
0.8679688352989512,0.3997293440413695,1.5917832573212631,2.0283551405469242,-0.5606490549050507,0,0
-0.54851531414952,-0.8604655778706723,1.7049198698655896,-2.252246267993075,-0.8479356092558219,1,1
1.0467019072823793,0.14218753620287752,1.4158922769175566,-2.2724786465534135,0.3040939849042178,1,1
0.8633333536075959,-0.4196284307342166,2.2727110105931563,-1.4278800073595286,0.31237968106331,1,1
0.9476494729734483,0.22814859992872907,-1.7583144018019272,1.6406646557560993,1.3599022143213975,1,1
0.8292223099159417,-0.5731335571446706,2.0436089710983847,2.624514652800366,-0.8909169786545406,0,0
0.8028693938527576,0.647029206335949,-2.168795857093067,2.6515202777048876,1.3106863414355672,1,1
-0.09794567200551511,-0.9461609361162594,2.131220171827926,-2.3785009783108584,0.9529289289204923,1,1
0.643779743290959,-0.9559122960699169,2.250624534936938,-2.368617092493766,0.13370245903472075,1,1
-0.6387794511543282,0.662477868801604,-2.4042056764679027,-2.6406889975057792,1.10886080779516,0,0
-0.02129194202093363,1.0146673521821168,-2.103187132683625,-2.8807869226989604,-0.28846826871504605,0,0
-0.9143649733665982,0.1678018624229183,2.789323230418358,2.3665731399457535,-1.095304468822614,0,0
-0.09887005894978232,0.9110964919940184,2.8011364648249604,-2.5955547577641127,0.1619826018628078,1,1
-0.8648332909721753,-0.6033157397210828,-2.2264324410177316,-2.7167833946778384,-1.245289382849228,0,0
1.0037815858306143,-0.011037257575847722,2.3346294643911456,2.1944343978844567,3.2218738050305067,1,1
0.9142742770795919,-0.26914259541804536,1.888811447038063,-2.0569669744826733,-0.07179009610344825,1,1
-0.9190128512866246,0.37691723308101294,1.5703914676774091,2.007485189665233,0.3939925184401197,0,0
-0.6359911412080287,-0.9702216901620377,2.9348600434168004,-2.2283720713370663,-0.2758019380363293,1,1
-0.9057134930360273,-0.500804041858409,-1.859950319924653,-2.1257777449221726,-0.8575099553474372,0,0
-0.6645223582205783,-0.8413598263968614,2.599928317081834,-2.3809659678964517,0.043389193822271695,1,1
-0.4836984087205274,0.985661044276374,-2.5867256353636705,1.5276798300259586,0.2275586798283962,1,1
0.35398779527504204,1.019816657693921,-2.151112191198187,-1.9546950129811025,-1.06675016049918,0,0
-0.8246358807916879,-0.47538605986147264,-2.1886299877676896,-1.8527753611476208,0.89521288501241,0,0
-0.31772408797745444,-0.9412828802602238,-2.268531761800122,-1.8424581693944593,1.499972705263377,1,1
0.4056332088868104,-0.817829731499715,-2.2543412383412305,-2.155006918352654,0.22793584547542783,0,0
-0.9462531682392394,0.4700072638779813,2.469275313073679,-3.02890699204662,-0.23732456875933908,1,1
-0.2390843392425883,-0.9431944585975343,-2.512275574723595,2.5707707809510736,-1.9489025712485326,0,0
-0.6897478155701692,0.6984293628848839,-1.6222285200095081,-2.0524969327280695,-0.3330376718026962,0,0
0.8877080986191627,-0.5659112501704096,-1.9818979178505964,-2.307060178051171,-0.1492625464159886,0,0
0.6790557855396314,-0.6477789843382774,-2.2756305291471386,1.9444015331197138,-0.2040018037655459,1,1
-0.5150221174947915,-0.8126577413262429,-1.9046762232569245,-2.044617907043838,1.1564261379043468,1,1
-0.35310991788373297,0.9548993613856787,-1.9119782709525857,1.7855453536799035,-1.4985362698838758,0,0
0.9451942186132453,-0.27341079729497436,2.4170313930659573,1.8792743668153136,-0.8594106997953129,0,0
-0.515975529668259,-0.7662599022757653,-2.2391692426181056,-2.471000072308484,1.5128556124499315,1,1
0.3337502763141828,0.8511572065453549,-2.440305038252387,1.6559981330358176,-1.138421276181744,1,1
-0.3517335075881148,0.8965532749359925,-2.5109164205853154,2.513997419869062,0.3603359123049348,1,1
0.1136782116901132,-0.9744152625775018,-1.7313536315269376,1.7658042562615315,1.059320632472401,1,1
-0.6436749281141133,0.787210272901064,-1.7288877162165879,2.4682373688758448,0.05344666067002773,1,1
-0.1688094595824174,0.8743576880875049,-2.7961132883575415,2.3390825279346035,1.8672388137094087,1,1
-0.945191628747092,-0.411451659282038,1.8947182849733215,-2.262649607097292,-0.2030449911721502,1,1
-0.5793311577884529,-0.5991841101816721,-2.0965193893299476,-1.7585616201083416,0.9500456744000273,0,0
0.4227057746185411,-0.8815021415630268,-1.604847846876142,-2.0550718295184534,-0.8526457947255333,0,0
-0.9170026939368288,-0.09224348189720243,-1.2788033250843647,2.0733644731722856,-1.1871625502874565,0,0
-0.005953454410996451,0.9070802352210634,-2.491970199878115,2.5389540326345865,0.4738273893994291,1,1
-1.0098197814061836,-0.29498860172104796,2.1848492008170926,2.0536986286959085,-0.9694030676845717,0,0
-0.2514281333842065,0.8174833307822987,-2.3432030387176894,2.024818671451884,0.28162076764934235,1,1
-1.0012426384329356,-0.305914437143416,-1.9882917668583366,2.3205886007278327,-0.2926267310341524,1,1
1.0158616311181417,0.2226093623299961,2.001087002359908,-1.2578831162200033,0.9484599752592134,1,1
-0.8791057165338445,-0.4086177062366022,2.401888700702727,2.4067074064994967,-1.5349559585097878,0,0
-0.8650841404109594,-0.40001231923269553,-2.3733685135524434,-2.2501056303665936,1.0730067093332163,0,0
-1.0579015266694471,0.031621685367079044,2.367544780364205,2.666457595122818,-0.606089551211922,0,0
1.0052121370153202,0.2782295550378344,-2.2545030861711304,-1.6951558335235026,-0.5555336645575419,0,0
-0.956433896509836,-0.504173222292083,-1.6677198644355338,-1.595600865334636,-1.4056532513128288,0,0
0.2938457672463136,1.0222028890064145,-2.667792375222036,1.5865388319243643,-0.8776259573881389,1,0
-0.4530012895483847,0.9329826866381368,1.915271038084602,2.5526822254863393,-0.07751400397696544,0,1
-0.09769448564283506,0.8669038827697295,-1.8003330128110873,-2.7270248848262573,-1.0681610424456798,0,0
1.0276927974633174,0.339685160721484,2.078246894638954,-1.5384603430473227,-0.10204526995140227,1,1
-0.3670170228004977,-0.8603742766738416,1.8463625388511136,-2.5789463919901863,1.021867382310152,1,1
-1.004594928605824,0.18437900683204678,-1.8415382225219186,2.319850396455403,0.14229449724120655,1,1
0.8830499063715076,0.3486661821025375,2.3765836446660282,2.270050032845996,0.47037059531610675,0,0
-1.0195730132301368,-0.08304562688687295,1.7252902052736605,-2.0542320145935453,-0.34642109349255185,1,1
-0.7484517614745142,0.6938903220382976,-1.9115730105129414,1.807644293452294,-0.6559863251981356,1,1
-0.8294363590068627,-0.5122675825278659,2.422523267932742,2.4601782355134807,-1.4674358193502717,0,0
0.6753837201020628,-0.8794507604239451,-2.4067124218571747,-2.3907945224088567,-0.9436633719133171,0,0
0.9923433251580244,0.41534245294335337,2.3435828814324573,1.7368505442908104,0.7387758834380519,0,0
0.241958842166013,-0.9913836615118216,2.2017325549275135,2.0728825320946003,0.5672786695748928,0,0
0.709411415815753,-0.6194023263674905,2.3778965978028976,1.9335606571043482,0.0943875115841871,0,0
0.9733089031078501,-0.4988974581575943,-1.5772768556665415,1.7424433902281988,1.004846746763955,1,1
-0.5371001156580699,-0.835914890060642,-1.9471960849987515,2.1743249844985684,0.9655016969108782,1,1
-0.8971583413269902,-0.336358558143731,1.9614546301592861,-2.1563521583893013,0.9248965137512174,1,1
0.1229078182230564,-0.9980114456387051,2.418181571289459,1.8859345378698156,-0.6973957810471396,0,0
0.8502473284878388,0.10883436274266672,2.8045998471392313,-1.883094604758774,0.017193232119502223,1,1
0.5147447529037258,0.8661166028363093,1.9450192824399815,1.8727876358697082,-0.013790610674043927,0,0
-0.40326116857718747,-0.9749918476691167,2.1775349806760826,-2.4739295729072093,-0.26343601549496565,1,1
-0.9167548237279898,-0.3173951872995202,2.773430087912546,2.4041676624854125,1.1623170909827503,1,1
0.7836021208157882,0.5649105241176547,2.092101152771633,-2.248200671200061,-1.1746862548140424,1,1
-0.8782533970220042,0.5179038430552529,-1.9776862253365706,2.3514499630929966,1.376491056098041,1,1
-0.4864995521619282,-0.8677366106757646,-1.8420904903855158,-2.8835494429038317,-0.1442491415275437,0,0
0.5683845226771118,-0.8961543939634219,-1.9612840015165849,-2.0382311144851757,1.0706038703163505,0,0
0.07484485094491947,-0.9712254627450677,2.584931218050288,2.523662121783109,0.9291233410582934,1,1
0.4939702462255844,0.7865330226764911,-1.7975206791370208,-2.2195128064673,1.7947846165481545,1,1
-0.27756863816782396,0.9800772180892976,-2.6752044430727655,2.349840723705974,-0.468667238659845,1,1
-1.016450817770218,-0.4197548921168404,2.0382494827553908,2.846945619468406,0.7908219138966394,0,0
-0.930855142572941,-0.47701059120222733,-2.0016673593319148,1.7779151922135532,-0.1857383100725533,1,1
-0.7431193876123982,-0.6567864216435212,2.0285239177845265,-2.459856973538932,1.516162531684151,1,1
-0.4990214613311025,0.8303432659652434,-2.159622645703022,-2.271532898835773,0.7711893717367185,0,0
0.6762483090557908,-0.6841940432039577,2.9704281723172636,-2.185390676392825,-2.067548369369025,0,0
0.8596686802286571,0.5347139675744894,-2.372650349874867,-1.848952038234701,-0.1994030512269155,0,0
-0.3849139108379033,-0.9005406326816925,-2.039865741272593,2.3093519287943174,1.3424794386414562,1,1
-1.0122728243409302,0.038484104446826845,1.594885832717547,-2.3851375668967236,1.1074088977359278,1,1
-0.1629619456489262,-1.016513034588652,-2.3232215462116867,-2.3964971461272313,-0.3034788574808209,0,0
-0.7706476187364473,0.6292674998758032,2.21008047117106,2.945609211001049,-0.910358016855854,0,0
-0.5248659976622734,0.9459596825719456,1.1871989560915523,1.6315483952390961,1.604778842535363,1,0
0.5195354078252604,0.8160875006322899,-2.1174362661209467,2.1691559105804803,0.743295897963785,1,1
1.032301625833606,0.06840201740899929,-2.198500350521885,-2.3445285277489223,0.885826334579375,1,1
0.8739003625789984,0.5508942778958644,-2.372451334467506,-2.1365421739857937,-1.299393930653454,0,0
0.9995944291226111,0.08644077239924186,-2.799121021875198,-2.4088545243969732,2.0563055242359525,1,1
-0.9527536920640683,-0.2746320863619389,1.9753171138701584,-2.0128423753657514,-0.7979678058696104,1,1
-0.3368457922061005,0.8785266433582941,2.318141047943369,1.5916584237750122,0.1445008896395873,0,0
-0.8212335550710881,0.044378009767450766,1.876212327185475,1.980917211448072,1.0996366034085285,0,0
0.08668642112012653,1.0307622669364331,-2.3201605725982763,-2.0260134124257476,-0.3413257955226134,0,0
1.0429297333372858,-0.4275740323834142,2.5472812476892623,-2.0612086239535143,-0.994240119995949,0,0
0.4415800670428657,-0.8602834822315776,1.749513186925467,2.2354730689587745,1.2614233444297909,1,1
0.7980324219689693,0.5852513551719236,-2.4806760624459834,2.0237184473056358,-1.1448723157520022,1,1
0.060823004366532776,0.9176790827481641,2.2160768960326496,-1.9758779831460394,1.8647724176444869,1,1
-0.9711254229508454,0.317304857826883,2.095321454786875,-2.8629034345851165,-0.07947228386458267,1,1
-0.5202448390554618,0.9333109237286885,2.1203855454119216,2.228214872237275,-2.527211520001343,0,0
-1.0358175293865521,-0.049415471318304115,-2.461775050185269,-2.0317069558483873,0.9151379436539028,1,1
-0.3444048556349347,-0.9733649287034851,2.6577581018829997,2.4749797732123358,0.18621797065101808,0,0
1.0933172375335483,-0.15903811606758522,2.3332308386306884,-1.9384031777147,1.3998284828965766,1,1
-0.8629014912904677,-0.5634230422617102,2.0350040475966136,2.9139790178974923,0.06542040724063561,0,0
0.9565712859290932,0.2845132057892349,2.1949894456842083,1.5903931117902799,-0.07913665069862676,0,0
-0.7802869189044662,0.7567428289493674,2.333680684104764,2.294370527021614,0.7374276371427093,0,0
-0.5727336244648796,0.8249075857175686,-1.9755252318525827,2.6724063199565347,0.023595912382690744,1,1
-0.5404437744519645,-0.9418067390042997,1.929074185178326,2.6176741604918887,-0.8784533992914835,0,0
0.7018402985111049,0.8805438769039885,2.0277437434194048,-2.4519805612941523,0.30405011536136817,1,1
1.004909318087064,0.24243772266500863,-1.8794314352611952,1.9225950686861255,-1.9265078101033757,0,0
-0.8168037599582325,-0.5073687001032314,2.388182807631283,2.2937738594399257,0.39568533424898866,0,0
-0.6492884473315351,0.7291795548105044,-2.7466187747619086,2.1268737798531294,-0.8954495026045323,1,1
-0.5787219260434306,-0.7936075122983711,1.9861237267860214,-2.245621491771449,-0.34447793370322927,1,1
0.2214259089640639,-1.0232868587431778,-2.30014767768602,-2.8837021032781136,-0.38528420938631847,0,0
-0.7535455316748216,0.5034271577207394,-2.1358944902808825,1.8737088036830676,-1.4920411839892205,0,0
0.7275455800474467,-0.7397029412468169,-2.744993961642067,-2.2055540762495114,0.09463573799467555,0,0
1.068618608249262,-0.3529589960195061,1.9733715651124355,-2.349263750885293,-0.5563077639101925,0,0
-0.8643743307990103,-0.4502874597115992,-2.4576224159431215,-2.338265193736937,0.03576393661441577,0,0
-0.6510266603463019,-0.7684299675395736,-1.901938488400268,2.2565786713649856,0.7054785203505193,1,1
-0.8426092845216263,-0.22406301952043775,2.4194440544555844,2.3514367747965617,0.9114930298963568,0,0
0.8844721330285085,0.40770192712753933,-1.8283170270541176,-2.500871788834976,0.6911525236113861,0,0
0.7009503632306229,-0.6605966420568705,1.6337225026236146,-2.0669680993721458,-0.028565130484095546,1,1
-0.956608460481596,-0.3689792693616045,-2.0538663527057444,2.2273659842551394,-0.7159244032905923,1,1
-0.01978392397067061,0.9556391345018291,-1.6735215316723806,1.8447828542556521,-1.2599718826580706,1,1
-1.0010757351392308,-0.11193924786632067,-2.220649915158209,2.6556793234264946,0.3600215111441788,1,1
0.9032728192311129,-0.42940244849965686,1.9803678298848242,-2.6133661925894054,1.9233016403497258,1,1
-1.0056506792383257,-0.07946893681165824,-2.288237362896221,-2.494267512358502,-0.9008587340137619,0,0
-0.9357820505285758,-0.444070138949103,1.4746513925320157,2.3298015537657792,-1.9259153374902958,0,0
0.05666478919043749,-0.9313461815303814,2.5164201953345877,2.8362610505146524,0.41049180055524537,0,0
0.8641349326696244,0.7010502117449668,-2.552512829695265,2.131181212834332,1.7362624819653132,1,1
0.8819521239372495,-0.05758288985339391,-2.8752673347415696,-2.601955476343918,0.7208709959405999,0,0
-0.22697779147991115,-1.0070748403661567,-2.2712875701509496,-2.268039108561312,2.064955850642253,1,1
0.8810701310668135,-0.43660749360456785,-2.8161910234141336,-2.417283890786828,-0.45207747114157465,0,0
-0.9204098354943328,-0.7434666711919924,2.3883346369384557,-1.7622552302500754,-0.5160794994297304,0,0
0.3058726040998854,-0.9672840089429329,-2.3298953222301275,2.137907948633011,-0.016547989513534565,1,1
-0.7235732560845999,-0.8323989547357956,-1.837663272621851,2.3145573949324727,0.3310802712537439,1,1
0.8721959505357989,-0.23303781950321042,2.2639526318774537,-2.6646996234941662,-0.8078834474899803,0,0
-0.8662097110181196,-0.4120326470759635,-2.099864181730271,-2.2563242144063422,-2.37482773316787,0,0
-0.4925633764351714,0.8830308289054881,1.6758190214717195,2.405426686040851,0.11257891220542052,0,0
0.029668082286245085,-0.9989350219282883,1.9745782470163165,2.6156122078082924,-1.2405387090444167,0,0
0.5811553521571192,-0.8706492564905147,-1.9841958315539354,-2.5797406005050796,-1.336155814865217,0,0
-1.0392768761552156,0.08670008649168784,-2.041475221404704,-1.8842954110260903,-1.6510771872895016,0,0
0.2811201157791945,-0.9100090884907374,2.090278160959699,2.298493884445225,0.4106532318837212,0,0
-0.05434808757046911,-1.044198777299388,2.348453895288109,-2.222869202837058,0.07586120264858784,1,1
0.39309059955298936,-0.9689320248022104,2.4025891033031828,2.202932953885603,1.69611535409971,1,1
-0.8459586302307817,-0.6572890187792226,2.3645464777369534,-2.655558347648992,0.6841470286112082,1,1
-0.906181075068728,0.5248863928341336,-2.270094381709657,-2.3054330763278994,-1.2642755661266967,0,0
0.8793127531177677,-0.6529480283426572,2.4709117835330927,-2.5055380135241103,0.9688116344992537,1,1
0.200645218594977,-1.0693188772413245,-3.183617244119691,2.072644761710494,-0.2357307743356237,1,1
0.9072938662518505,-0.3168464074091924,2.6356978611709834,-2.5381468013796975,0.49698707901463646,1,1
-1.137490403238302,-0.23898473956387142,2.385393113841149,-2.1474430132910753,-1.1589225019492888,0,0
-0.16525719710393544,1.0094747586847648,-2.4204851909912626,2.4863326695035632,0.7526765956951315,1,1
-0.9483527807725067,-0.35710783943943764,2.0152471080443695,2.2559122440391906,0.23102475968741215,0,0
-0.5521431048560367,-0.7443411663679869,1.9298903807874384,-2.865345354249839,0.4994080492851058,1,1
0.37799766159779635,0.9556444634462762,-2.5258092715671814,1.5432300858230348,-0.6328817163433359,1,1
-0.8482515290334528,0.42697581587290545,1.8922045709905098,1.6445546894831962,0.8717066272482644,0,0
0.7297291104248268,0.610403451792088,1.4794584460478637,-2.1604916296166796,0.4585385707557699,1,1
0.6481682492591091,-0.6621580281810076,-1.6599557113122196,1.9301781467072425,0.18643972940136402,1,1
0.7795728447422499,-0.6337345642339132,-1.7320449555988362,-1.536222352030067,0.9265119098901008,0,0
-1.1095245040766444,0.0038990752527639054,2.2307891303000966,1.7753525537167854,-1.4028981187356753,0,0
0.1955294506998739,-0.9254943477331465,-1.0842576522332865,-1.8568253858488266,-1.3373835407377042,0,0
0.8146270271853915,-0.7431607322111312,2.5708005140813555,2.8936544139224205,-1.2147546953694648,0,0
0.9569036900324788,0.5291666496984233,1.9362797632446365,2.7470875572292535,-0.06343667317634744,0,0
0.06762510050709736,0.9805267040450627,-2.9397632374658027,2.1654724226391786,-1.4743126176067909,1,1
-0.9229293227156632,0.4815747929997861,-2.305519189105894,-2.3559757188802717,-0.06646005057359486,0,0
0.06249755778657797,1.1114740512963792,1.9268724626635227,1.566409613909177,0.6713396055182432,0,0
-0.8179967083719978,-0.5342439786109984,-2.544757706280179,-2.1279346899171236,-2.329288653627425,0,0
0.933002556040766,-0.12522624988082642,-1.9551659556740124,2.5538495990883145,-0.3853210181541541,1,1
0.6746550403673738,0.6136006750734179,1.8362557897164482,-1.5671565205574787,0.31777229272901175,1,1
0.026758548480335435,1.0666001412930461,2.2429442097682415,2.3993318423253647,1.0436825372861693,0,0
-0.9493906282961169,0.4765972164399165,-1.71543348117354,-2.7133697196134006,0.6314163778736053,0,0
0.60322020943617,0.8295430472569278,2.418295994076579,1.9652910056499566,-2.324765777090169,0,0
-0.8756257272020099,-0.3216227456397086,1.876084608521257,2.1229558165130005,0.09145512612228697,0,0
0.897317932888338,-0.39434418519808595,2.238325097072204,2.2890227838793034,1.5102196912803953,1,1
0.23457982947144523,-0.887081257902762,-2.0647738909508595,-2.567169469417902,0.2471306985440493,0,0
-0.5063454577771943,-0.7963877262784035,2.0187845384291974,2.5154202244253394,0.5816999227494722,0,0
0.9398504409202937,-0.2532524538719274,-2.7723048756780537,-1.4342843849931382,-0.6681243989825252,0,0
-0.26722360043481097,0.882429290147952,1.822234984626021,2.728750225820603,0.7507049893360805,0,0
-0.76648609308445,-0.6583127876387492,-2.329688835507454,2.4922658648588345,0.8995211011664941,1,1
-0.3263150567293236,0.9793263510338975,2.1783593149294296,-1.845932770212571,-0.7184749777230447,1,1
-0.9727023189254589,0.5250600327663598,3.3719081982147765,-1.9434964044625413,-0.6403755838160858,0,0
0.23340729544902877,-0.9711541410067568,2.0958702489080787,-2.4213186707365155,-0.7048024831018936,1,1
-0.47519796752260846,1.0729805146886744,-2.154746244772549,-1.064487627147589,0.10452993443131103,0,0
-0.9049495028151605,0.22620778628780117,-1.552607473316619,2.228703710086007,-0.40762884366952656,1,1
0.533000931513596,-0.9226125661530153,2.6094139618060224,2.1428978798262905,-0.6743720227296477,0,0
-0.3626398410823088,-0.9124492939953929,-2.0472303265566127,2.502932891189108,0.9819830402024177,1,1
-0.5301488335349474,0.8271119188305693,-2.238988728548023,-1.7682980548039795,-1.7049780335888445,0,0
0.6141364034299068,0.7144108989398774,-2.0827631842220002,-1.6351786531535684,-0.45428683255727215,0,0
-0.04658209989125166,0.9401748734532202,-1.7649539622952768,-2.5858786949419077,0.3721726954346964,0,0
-0.22866963254971898,-0.9445185243479642,1.9694809443890346,1.9511259463155126,-1.8949972553707042,0,0
0.09690875947328766,-0.9757748498270662,1.9611575326397408,2.0729212904081242,-0.0136339831546001,0,0
-0.6159072165069117,0.6881720890919489,-2.1824804986012585,2.3849770123851117,-1.8768614316922687,0,0
-0.6534300537356094,0.7372563357616815,-2.2140111268236145,-2.0719925971807136,-1.3491324587461015,0,0
-0.36243820307135893,1.0255332597566258,-2.4852600308333757,3.152082979562709,-0.32883254210017226,1,1
-0.878367155020544,0.33656588025563644,1.6258037862343864,-2.01102790603182,-0.29549202696655713,1,1
-0.5645184224777461,-0.8890105040490599,2.4565824119797988,2.2253711227879682,1.2437831843256977,1,1
-0.43855362702157985,-0.8297695622834826,-2.0229320489062927,2.5419345579216515,-1.1552694782525967,1,1
0.9157227036400313,-0.2171225874987994,1.533256305270188,2.6184033106637177,2.1559189860926873,1,1
-0.3997570833365354,0.8524498629728604,-2.026632008259295,2.6605169182116475,0.010143746622831408,1,1
0.8920424455621033,-0.58817936512354,1.9915449200327349,-2.329493819697803,-2.226382723502372,0,0
0.9910102906987253,0.11867152278681492,2.5219249967563986,-2.523657631115835,2.799175466779235,1,1
-0.5749125918091292,0.7983979159961565,-2.808598279584673,2.2517940881026246,-1.749875754493487,0,0
-0.920263530767978,-0.5358019761230592,1.565533755623529,-2.238717959335257,0.6986307159348547,1,1
0.8123898124647039,0.44374955113424264,-2.0272400432990074,2.536013162308816,0.8430290847312676,1,1
-0.8200407632559376,0.5508639506996765,1.541570106298349,-2.5764323749806763,-0.5378151020377657,1,1
-0.9408135699457808,-0.04124648897282713,1.802322232559321,-2.460650969712647,0.6428705060092635,1,1
-0.4761220378360424,0.8567534113355623,-2.511418306057737,-1.9326141070761278,-0.6285656246738307,0,0
-0.5451013250673785,-0.816298872778025,1.9534721611030754,2.094234153527672,0.41263538464494975,0,0
-0.8168517393501499,0.3818525000777785,2.205475006724812,2.0744571738212962,-1.366921566263801,0,0
-0.9508766154640744,0.41426149537429297,-1.5797981192804473,-2.0852450405276057,-0.6853433984906941,0,0
-0.9596919811520667,0.02407802923582116,1.5783403671823886,2.5611551338229788,-1.1741686124489248,0,0
0.35323545185039507,0.9902155377846653,-1.8622898477002061,2.2385461452337596,0.9536866670549976,1,1
0.8083201832019414,0.4919393073333013,2.21446299449915,-2.386090218910698,0.5625246219303752,1,1
-9.13567286446211e-05,1.0020663561174423,-2.3092942107767067,2.265582268651065,-0.0648817342448004,1,1
-0.5415194697463189,0.8856701398380368,2.0322868233666265,1.830609570913531,-0.46011134102825013,0,0
-0.2895848428838041,-0.9477413797296913,1.9663030799222383,1.3946509378539789,-1.6624199318766952,0,0
-0.05658526138498466,-0.9166746593471011,-1.9925328995006286,-2.5500735232219145,-1.3923870700171737,0,0
0.37545526461054074,0.9359537509921495,2.40026243611545,2.1242756139233885,0.030056768848310312,0,0
0.7183086253183152,0.6197031225399994,1.806696080612821,2.5038215668353496,-0.2647777642312414,0,0
0.8855461962394353,-0.39816057295962237,-2.4857269724059674,-1.6464294647053426,-0.9060035978199592,0,0
-0.17863285028742087,-1.011852402504942,2.785193957814692,-1.7395693991106482,-0.3509313136016518,1,1
-0.4812158776592553,0.8110212822220594,-1.9642261200338547,2.1868518137706427,0.4416519374201545,1,1
1.0212117470796573,0.42781370451201867,-2.048118237216174,-2.3023352930050436,-0.1467672162428341,0,0
-0.6725916275423587,0.8332374194849685,-2.483596388688663,-2.4267100627854545,-0.35939374586086925,0,0
-0.8213254921994462,0.5225309533533579,-2.5807780036839842,-2.5335652121289556,1.5079008810601677,1,1
0.3566447942018692,-1.1629644975897961,-2.473736694972273,2.5806069522705872,-0.27302644646019736,0,0
0.9764751265376287,-0.22831818897660747,2.2809994298253105,-2.5351325806301297,1.0010546104856106,1,1
-0.6402737465957787,0.7899283220826483,-2.1254530761066297,-2.3879637754841547,0.011418258525630212,0,0
0.16978746720055946,-0.9897771138827614,1.684776495551339,-2.156176179364101,2.1984695529237803,1,1
-1.0426261706571542,-0.05194183089492729,-2.520801714359039,-1.782427798910441,-2.018538399986314,0,0
-0.8803652177786216,0.6033778119236779,2.277175155884087,-2.3651579859073775,1.2472869770263173,1,1
0.9776152276337248,0.463827938430951,-2.8230985206300208,-2.033013604881503,0.24532480633252285,0,0
0.24973871209656262,-1.0511278261119201,-1.849375383596296,1.838685341091315,0.7204632302317431,1,1
0.8083357577119646,-0.6162390024480002,2.0380747435371993,-3.035662348527851,-0.2568661731435543,1,1
0.13141212822458945,-1.0527633373932839,2.2713086834935665,-2.215937007088169,1.933254550465121,1,1
-0.8805465583919341,0.5185184059786013,-2.388482242303772,2.5240064703014413,-0.4744122963991284,1,1
0.9263358513726467,0.3652280366036245,-3.064080473832304,2.164211536316381,0.3850454263295505,1,1
-0.6485409023128019,-0.8505034049572456,-1.4579306959946277,2.2871689595961993,-0.9102173879932498,1,1
-0.765749427027015,0.6999328400321603,2.271765388697329,-2.401277663603717,1.494822419369973,1,1
0.3176818041068975,-0.8710011033642037,-2.693742784300825,-2.1089031545497257,0.7127460045102034,0,0
-0.6538571289102113,-0.7165751658134957,2.2455746591226555,-2.2227753269380486,0.41251197327070815,1,1
0.9523076313887983,-0.2314314163591283,1.9347322553097677,2.150556898258855,0.3637446215703275,0,0
-0.22765958707020406,-0.9269127360548234,-2.507294363939725,-2.511867969682328,0.7802572877201491,0,0
0.13140647452094195,-0.9191379673994833,-1.9726972564045684,-2.418911640515123,1.3330169870409216,1,1
-0.039837367518687564,-0.8812941533625167,-2.6377514330816014,2.394860816096783,-1.745012080582398,0,0
0.9682096687948246,0.2978921572465854,1.451086156817377,1.7872673772616108,0.1071500597979252,0,0
0.17327673535169225,0.9842538324873904,2.1807715743703127,2.510856763453835,-1.0509928638588781,0,0
-0.8637265297592913,0.2213851952249065,1.9514738448372526,-1.488830866121229,1.081738252073981,1,1
-0.9117361949280279,-0.36535121387115166,-2.3112599086432613,2.439137423416114,-0.937199600781681,1,1
0.10220583389987324,-0.9180566681806963,2.3780397067622765,2.4360206374741233,-2.334539723748902,0,0
-0.8279332980948914,0.49908177668966236,1.9345619577245878,2.026490802496051,0.6919075697090624,0,0
0.7843924543220195,0.58744617293424,2.181654126557956,-1.5092658908057148,-0.569999069757532,1,1
0.5532638710710645,0.8599193893397593,1.8194461539607742,-2.2419254969002695,0.9598417452237655,1,1
0.5054874179284011,-0.9370162369073443,-2.0414905366965437,-2.5213079423032023,-0.2980007592709142,0,0
-0.9328020810396428,0.5130026691246518,2.6951973785061507,2.4490992530200915,1.1446702288926989,0,0
0.5812610985597058,-0.7072165477995409,-1.201404619612036,-2.4056453432009928,-1.3695924261771006,0,0
0.5263115847068951,0.8604781492407763,2.364568068478024,1.970035132387161,0.32567420610737013,0,0
-0.7308128309352137,-0.6116727995502047,-2.471590736041562,-2.303037367720372,0.33914693387181294,0,0
0.9274344252802176,0.1991596185903556,-2.35875911748925,1.89910018551632,-0.2727889994403192,1,1
-0.9310355280302333,0.4679076554635739,2.373059977775747,1.895571810334654,0.2715636682509103,0,0
0.32093436915728163,0.990220612877379,1.9279654730788105,-2.5906801045573937,-0.467266137197975,1,1
0.41402743267730857,-0.8625029054833341,-1.7255840163903418,2.1250211418081943,0.5006895214168319,1,1
-0.5706300206132515,0.830313930203285,-2.1108105173232445,-2.000516628858902,2.027255002392359,1,1
0.9992440784370124,-0.5190785389279645,2.1606302885879094,-2.3645375602717196,-0.6580433269294773,0,0
-1.0160298563573902,0.19735703550035974,-2.658222288288091,2.418840149907423,0.4304799772059926,1,1
0.8964761933963173,0.22703271270315478,2.0376520431787766,-1.7847660944143096,-0.23788991558743913,1,1
0.40052583721523405,0.850236448978985,2.010151196446303,-2.675842708607365,-1.2238728515587962,1,1
-1.0076850236090662,-0.019753700212263442,1.8536577870637325,2.0577873526908803,0.09486093410521482,0,0
-0.0409782201473364,0.9944124349597734,2.0247443126602067,1.8681199533297042,0.2064961757895354,0,0
0.6652709531742884,-0.7250512293287187,-2.5180870493715726,2.505082417319847,-1.0777440680986217,1,1
-0.9893923040535586,0.39494144394450803,-2.437532133202187,2.0015497186091697,0.6080220139195759,1,1
-0.927930654992439,0.39542438573771044,-2.0986857167383297,2.216381962664791,0.8069025789990624,1,1
0.6731749915471117,0.7229119909097911,2.1793885530639936,-2.594187296677045,-0.7321829577150268,1,1
0.021622564381303177,-1.0244091891878433,-2.137526764564196,1.6867961857215592,1.1766750733222202,1,1
-0.519848566926074,0.8176529400634115,-2.8368123946501793,-2.151893455116086,-1.86515299528738,0,0
1.0561378590882031,-0.2553194800843533,-2.665596137534232,-2.632274677841756,0.9704103661077356,0,0
0.8210701262923795,-0.6314346673430682,-1.9715860558285283,-1.850320132609583,-1.842951566240504,0,0
-0.50386819320065,0.8727841290177699,-2.368734649867623,1.7801182047808652,-0.3907794402553627,1,1
-0.8642246348077424,-0.23490460337924166,-1.9485987358062204,-2.320561052159162,-0.4123611331891311,0,0
-0.01127167364817311,1.0765188606638212,1.7778128376772355,-1.7969916996400017,-1.7385945016015547,0,0
-0.8774411878404546,0.4643489919688106,2.5130647623581255,-2.393505356405007,-0.024386334329664,1,1
-0.26724305528745135,-1.0329996954735563,2.442214061298852,-2.046501060363488,-0.2906105789232628,1,1
-0.7460557970745085,0.677424643252836,1.860552193370105,-1.6176927507222991,0.5246109510084469,1,1
0.11188828299383445,-1.0554775028647403,2.207752325460235,2.383777754259558,-0.6687495791636602,0,0
-0.07894476946646273,-1.0095146996308155,1.9358602824751987,-2.1993453205622386,-0.8015399059296917,1,1
-0.1349820781072416,-0.9962070107240663,-1.7212983311998782,-2.428324647944775,0.47171130766937514,0,0
-0.9292144505632872,0.02935234482137476,-2.0403684777439453,-1.9643204159794645,0.3203354296542073,0,0
0.5659454858596317,0.8389848714528114,2.0372617803014497,-2.7260776862267244,-1.1052187810151781,1,1
0.6444367027325181,0.8520901466269303,-2.3140931325774385,2.5107472941567233,2.8062294350652817,1,1
0.540833384240496,-0.8988941116553213,-2.4026416007673475,1.6536802193936402,1.6303839831951799,1,1
-0.5032812034133233,-0.949429585775097,-2.2812812657818355,-2.3175520486784285,-0.4770475498002256,0,0
-0.8584050763915737,0.39649339964393904,-2.697919076774902,2.012639402376222,-0.36847579099962574,1,1
-0.9526910158533866,0.16448325786678925,2.134348616465874,2.3006144185768322,0.11141244036436461,0,0
0.6146999097014807,-0.8037040445421986,2.2867599099680644,-1.800119015345151,0.039742681763885644,1,1
0.7214127576975761,-0.6370444123559704,-2.058761440629775,1.7818191803884749,-1.3855214033961094,0,0
0.5945538435579163,0.7707034012744455,2.5343582443347366,-2.2175977895038588,-0.3622176237208845,1,1
0.7228053954806387,-0.5787702145987876,2.7276716478591525,-1.615817878008797,1.3578503909033364,1,1
-0.0978378295594062,0.9400783718184443,-1.6471889852558141,2.677428493095767,-0.03872327154305861,1,1
1.0493547942418204,0.027662097994255366,2.1693924474112594,2.8589129520762104,1.0816101419744757,1,1
-0.7852451790503845,-0.7435072295094418,1.9718095734690495,2.495050545944857,0.06707557177810364,0,0
0.633814481833651,0.7352033798506467,-2.4517299058326962,2.220806770995426,1.1388296285285875,1,1
0.5429971536710779,-0.8984151937148777,-2.1368647567815824,-1.9476804219961998,0.03199443407106157,0,0
0.7209500406961296,-0.5073524403167798,-1.8266446490306154,2.0029611544532813,1.9937467534818687,1,1
-0.48052569449765886,-0.9115045611385717,1.5956713539164127,2.827615417834798,-0.7236138784263421,0,0
0.6171597117168298,0.8296533889828748,-1.9634609300479422,-2.319673992403968,0.04826175662741543,0,0
-0.31811779897992076,0.8746970231257994,2.2907784202016996,-2.282475450862468,0.05738977626734539,1,1
-0.9255404499787937,-0.49414312962559515,1.8179227557593027,-2.5622533938826346,-0.8872871420535734,1,1
1.031822292918956,0.11238359210481735,1.9286060598912576,3.0677316730839346,1.776560581646822,1,1
-1.0840026727994878,-0.1378144718442253,2.081520467252802,1.9127022763980963,0.11684764509557459,0,0
0.7604462291280157,-0.6731346600972186,-1.8925061660114475,-1.9511257780918536,1.39961135721787,1,1
0.034190528743203046,0.9677399296189263,-2.0769911827228333,-1.9906151206018035,1.02014303236795,1,1
-0.5224172653338374,0.9358520680608743,2.1727005627169502,-1.3121701364301859,-0.709085860391375,1,1
0.5202613260140911,-0.9841804589332399,-2.4841327079229187,-2.4484526539368066,2.1450632088924317,1,1
0.6403415247128459,0.5237603060317927,2.1144723930227136,-1.9937577281937835,0.6856557876205829,1,1
1.0066899596147973,-0.40547996195995667,-1.9973586112674087,-2.4416832788333194,-1.4471934469536518,0,0
0.8313010814332134,-0.45593518710882436,1.8226135889206931,2.0680773572217452,1.1397105810387205,0,0
0.9490406308342217,-0.374873578828452,-2.434831336693112,-1.8382532794241901,-0.035037301424495335,0,0
-1.0769098117842506,0.081395565409286,-1.8102649816585104,2.405044366356125,1.5469734485265725,1,1
-0.6992865102105966,0.7207309868160425,2.336159933244199,2.601450342204334,0.4019076364967869,0,0
0.8598613105579987,-0.41319803353550305,2.144106630085854,2.8407037405562794,-0.3129264700590152,0,0
0.860104731921832,0.477343689823403,1.7788750984267603,1.6553481233028484,1.0597566120333417,1,1
0.7997512237654948,-0.6038631915195611,-1.8728925941904802,2.816719486633478,-1.3387416847490592,1,1
-0.6008350132179032,-0.8893273877382557,1.6338814510957969,-1.62663729051121,1.149376154801585,1,1
0.11061576177677213,-1.0515100546898197,-2.1590352439369447,-2.6500215402465117,-1.5171629554791586,0,0
0.16703770220897676,1.0074706129988071,2.8286253971224453,2.6704482723022545,-0.06703632586831172,0,0
0.9723748759359007,0.5038430687998531,1.7948137779170756,-2.5480346410756356,0.24684476441249986,1,1
-0.8977100062652812,0.12524258462013602,-2.1638616089555613,-2.1740921898073817,0.1604066445526267,0,0
0.9390671143418505,-0.05356700648482814,1.6807791383442416,-2.2371422827615635,0.3809056586056794,1,1
-0.8162125259231295,0.5724162787387365,1.91919638164727,2.625871361980149,0.4098628344745425,0,0
0.9240875740004787,0.3404719111735312,1.2827817813659783,2.466028638822798,0.9354254365366487,0,0
-0.3336747113943127,1.0028025859232856,-2.4649053348725927,-2.003290822221892,0.4209863529793057,0,0
-0.6310331332625799,0.7658843224956864,-2.267489559774155,-2.068649106039941,-0.40527134301600637,0,1
0.46783794841412746,-0.9813482895313739,-1.9014307695338024,1.6814063666932593,-1.348038171385263,0,0
-0.2526717044044592,-0.9911897396594895,2.7661533498196382,-2.1204999542329106,-0.5534053272131909,1,1
0.7947568743732344,-0.40342916706446363,-2.259088247959487,1.8400159782053793,0.43322191153782796,1,1
0.5607137126462242,-0.8271674213485303,2.1588260736971447,-2.531400516681716,0.9246879395210542,1,1
-0.5432723047927511,0.8058449938070379,2.216288226517138,-2.0350370918750094,-1.845026868067574,0,0
-0.5033822428660902,-0.9224018634904536,-2.857841867893364,-2.529717209786886,0.027046572504871667,0,0
0.8973790655510441,0.31676767919439924,2.3240564608962226,2.4938776428470124,-0.8407833823542828,0,0
-0.34810379833650645,1.0214512940321558,1.847187892636949,-2.2569624077091097,-0.47648423485431796,1,1
-0.943906428858998,-0.2991789244127595,-2.0821161010230114,2.3548261901846415,0.5295280058680991,1,1
-0.9456778823315518,0.15628815025638465,-2.7386882594426947,-2.632119613294615,0.4838993652937376,0,0
0.21527420848555842,-0.9948895989249501,2.3709922968766888,2.1993662601883095,0.21044823838167492,0,0
-0.17641270071698578,0.9270456821652968,-1.8597973732342434,-2.087984551924448,-0.8126973202481637,0,0
0.6522275682563682,-0.8071960668262704,2.0865462692959684,2.3640734940036507,0.39013625400482504,0,0
-0.8353280041457412,0.5457351289693071,1.9289366490334034,-2.3324980801550694,0.2972509994485994,1,1
-0.9641294717609609,0.4350251825649333,2.134328199422021,1.8425446030877248,-0.11842569146490642,0,0
1.0350096337208663,0.13510137539678232,-2.2219796951979465,-2.4406603180859405,1.2693433560120846,1,1
-0.7868348597131005,-0.7030134669168587,1.1978235364091963,-1.9628079983661981,-1.6321173211583155,0,0
-0.9000194322231542,0.2601656847515096,-2.3811848481957885,2.3714110491562312,-0.1110189204855357,1,1
0.699704853807444,0.7386315347857942,2.4687011236266585,1.7304439254057702,-0.04108541522848199,0,0
0.2047684040151201,-1.0991360963435255,2.0549322526878107,-1.7475700280415127,-1.0602143844016685,0,0
0.8802752593242362,-0.7585891217631171,2.9511001637940337,1.6386504771040773,-0.12586584898870615,0,0
0.24846334220293087,1.1128666480015217,2.24953096514872,2.1735436414758955,0.035354055145772494,0,0
-0.3068496978036975,-0.9242319814885561,2.5222774401008388,-2.374656249865856,-0.7288655509904793,1,1
0.8528818824738998,-0.6333049766105524,2.3631862442707545,-2.582840852573761,0.7501449140394121,1,1
-0.4615971253669164,0.9217565606934615,2.198517484134904,2.4876151363413936,0.1403991805463613,0,0
0.9457584795836729,0.6378806755475581,2.3658562279459714,2.5497969202699067,-0.7860668998591271,0,0
0.93775216451278,-0.3043597605162676,-2.1975402931035988,-2.4281237694443054,0.8743444852691675,0,0
-0.5190051707029908,0.7061441586241308,2.438254752324407,1.7999214600560576,-0.5768995219278104,0,0
0.3163804103756646,-1.030140260565757,-2.352848413897921,-2.9038822149952104,0.19683690084278743,0,0
-1.0650297726284574,-0.07476628814943449,1.9404956634072756,-2.216662500393383,-1.299103794292819,0,0
-0.026813345837531952,0.8465620420481851,2.407569538789728,-1.9289476614909222,-0.23418015210938045,1,1
0.9720184797609392,-0.011544042893311998,-1.7259079979821665,2.379786656205748,1.1875611005563527,1,1
0.9072773671733393,0.5860763673653343,2.2933681781895716,-2.2700317985028273,0.2436685342573683,1,1
0.895549061785692,-0.5351994139762257,-2.1672682277710895,2.5064809578197913,-0.3166129542629472,1,1
-0.808039689978999,0.4887324622423159,2.478101569287932,1.9257602757337884,1.4337071645403598,1,1
-0.9823850292245128,-0.3068329524788477,-2.3814087267053994,-2.1765667782251916,0.30965991582565183,0,0
0.3670225149158469,0.9149468470931352,2.4228866721373126,-2.2815296555260742,0.9929058452111335,1,1
0.5281867231505485,0.7597285260547549,2.2249834671586024,2.016571668014847,0.15805801707632613,0,0
0.9832195971953637,-0.00791523225825184,-1.820945822600206,-1.4589593062127908,-1.068967655546232,0,0
-1.019898901065014,0.27834224834076315,1.9512720229488973,2.264509006144275,0.9770566826113487,0,0
-0.12103120335656377,0.9258359204377193,1.8719385657244432,-2.0755664118186754,1.6481997904199348,1,1
-0.6039250413969491,-0.795037458729765,2.2309163431050973,2.3130160023511324,-0.08806773833979206,0,0
-0.5074933991580264,0.7686331289160047,-2.466562434669569,2.9684183657507233,0.651196336709847,1,1
-0.767995343973192,0.5994865004843525,2.6455505857272077,1.3994821797050938,0.23178257667510296,0,0
0.799574106658406,-0.6249966551563059,2.2681655304210118,-2.588018413115986,0.8206976644542616,1,1
0.24702144104578735,0.9804091136429313,-1.9740263455976959,-2.1633603261253365,0.5840349448062374,0,0
-0.7835057078217843,0.5055095894753608,-2.0425028798795406,-1.7569591816146768,-0.6431966300795522,0,0
0.7796316114866375,-0.5621345918951481,1.8668935520625036,-2.240220902474667,-0.5548117566928689,1,1
-0.7685115093777019,0.6156417008153731,2.634680692472217,-2.239599977630242,0.07757881626181054,1,1
-0.9160731397711214,0.31444730796875214,2.1303976106691005,-1.914553662545647,-0.452494808248124,1,1
-0.4674112878301667,0.9123561623883885,-2.4510702020714596,2.0635648921887086,2.3295601183095114,1,1
-0.7535405930434407,-0.7594680687551145,-2.1925604685429887,-2.462087010978841,0.5280390565442566,0,0
0.5641148945425257,0.8239017780907775,-1.671614185949794,-2.5094286243868336,-0.3225089156943697,0,0
0.06057922139883383,-1.0953465971123668,2.2196621799958542,2.0646560446513185,1.344702105125882,0,0
-0.12936277838782223,-0.9453890709718471,2.2197355630392757,2.1112667490156043,-0.7743255798262743,0,0
-0.7822858074581737,-0.5310841747023214,-3.1476227901675737,-2.3449167669994853,0.009061812449823427,0,0
0.7808088691602367,-0.5225494655448857,1.75165478510965,2.910333330397551,-1.5044968710801399,0,0
0.8773253129013597,-0.05250822129918024,-2.3404852469080444,-2.4469908303536063,2.0505490609975876,1,1
0.9168495913064152,0.40985095047751885,2.5674293356317945,2.8764725900990786,1.4466880436908605,1,1
1.0549404602289434,-0.3346285142427925,-1.773176804662571,1.8871966104652529,-1.085199420790403,0,0
0.6663268608050251,-0.7666684434163255,-2.897375365907317,-2.492377379231901,0.1872820509027682,0,0
-0.9540626637354255,0.14230421315691782,-2.0810694610765053,-2.252749873399025,1.2136997440540556,1,1
